,name,album,artist,id,release_date,popularity,length,danceability,acousticness,energy,instrumentalness,liveness,valence,loudness,speechiness,tempo,key,time_signature,mood
0,Anyone,Anyone,Justin Bieber,31qCy5ZaophVA81wtlwLc4,2021-01-01,91,190779,0.686,0.181,0.538,3.13e-06,0.113,0.584,-8.026,0.0345,115.884,2,4,Happy
1,Fly Away,Fly Away,Tones And I,5ri4zqtWhG07hIuNNDWP76,2020-11-13,84,178156,0.806,0.217,0.513,0.0,0.217,0.503,-6.208,0.0685,124.988,4,4,Happy
2,Wonder,Wonder,Shawn Mendes,5KCbr5ndeby4y4ggthdiAb,2020-10-02,83,172692,0.333,0.131,0.637,1.8e-05,0.149,0.132,-4.904,0.0581,139.898,1,4,Happy
3,Lasting Lover,Lasting Lover,Sigala,0DmAvNCAK08oCi7miSZUIY,2020-09-04,84,218358,0.676,0.197,0.786,0.0,0.0943,0.483,-4.529,0.0478,125.983,1,4,Happy
4,The Best Days (feat. Tabitha),The Best Days (feat. Tabitha),Sam Feldt,140XpWSdJ0jZEbLj9iVnPA,2020-11-20,74,161944,0.667,0.0863,0.827,0.0,0.0565,0.573,-5.631,0.0368,107.95,11,4,Happy
5,At Least I Had Fun,At Least I Had Fun,Martin Jensen,7jqXDgGWkV4w2ctdb2g59o,2020-08-14,70,170613,0.794,0.198,0.706,0.0,0.0536,0.908,-6.066,0.0382,116.032,5,4,Happy
6,Together,Together,Sia,5id3Rqn7SPj1LX4FfY4nGz,2020-05-20,79,205207,0.521,0.0132,0.877,0.0806,0.0929,0.199,-5.444,0.0683,180.007,7,4,Happy
7,Watermelon Sugar,Watermelon Sugar,Harry Styles,1e9oZCCiX42nJl0AcqriVo,2019-11-17,78,174000,0.548,0.122,0.816,0.0,0.335,0.557,-4.209,0.0465,95.39,0,4,Happy
8,Slow Dance (feat. Ava Max) - Sam Feldt Remix,Slow Dance (feat. Ava Max) [Sam Feldt Remix],AJ Mitchell,2wenGTypSYHXl1sN1pNC7X,2019-10-25,70,193548,0.732,0.114,0.85,2.02e-06,0.0388,0.372,-5.999,0.0444,124.024,1,4,Happy
9,Dancing in the Moonlight (feat. NEIMY),Dancing in the Moonlight (feat. NEIMY),Jubël,5ow0sNF1zSqp71Ix5jEXWU,2018-06-22,66,164009,0.659,0.27,0.617,0.0,0.187,0.187,-5.862,0.0649,119.858,11,4,Happy
11,What A Man Gotta Do,What A Man Gotta Do,Jonas Brothers,4wNIkl5XGiAACjFBlDWuSd,2020-01-17,82,180644,0.852,0.00839,0.698,1.03e-06,0.0773,0.324,-7.206,0.0629,113.039,9,4,Happy
12,I Don't Know Why,I Don't Know Why,NOTD,0ZXdzaT1k688dkpNeEgQiV,2020-05-08,76,207667,0.499,0.124,0.898,7.2e-06,0.0832,0.618,-4.181,0.124,120.04,8,4,Happy
13,Friends,Glorious,Ella Henderson,18RdChpgvaAO7GXDjLks2B,2019-11-08,70,178298,0.747,0.198,0.537,1.26e-05,0.18,0.453,-5.76,0.0413,97.056,10,4,Happy
14,Take You Dancing,Take You Dancing,Jason Derulo,59qrUpoplZxbIZxk6X0Bm3,2020-07-22,87,190306,0.789,0.0332,0.711,0.0,0.0876,0.753,-4.248,0.041,112.985,2,4,Happy
15,Good Vibes,Good Vibes,HRVY,53kWAAfx7IopXRa31MQHB8,2020-09-04,71,170280,0.558,0.274,0.877,0.0,0.162,0.762,-3.392,0.145,99.988,10,4,Happy
16,Love You Better,Love You Better,John De Sohn,4UuGBDjt8gLXsANZqZxMBz,2019-11-15,70,170893,0.733,0.0931,0.786,0.0013,0.1,0.786,-7.494,0.0422,102.999,11,4,Happy
17,Cover Me In Sunshine,Cover Me In Sunshine,P!nk,6Tio0ZoDeSQnI7EBAqWer2,2021-02-12,85,141050,0.476,0.0599,0.594,0.0,0.0785,0.314,-6.879,0.135,159.702,5,4,Happy
18,Get To Know You,Get To Know You,Samantha Harvey,3oiLlbBynuErymca4Dwp5H,2019-11-08,66,201666,0.761,0.0783,0.695,0.0,0.14,0.69,-4.048,0.0886,118.004,5,4,Happy
19,Drown (feat. Clinton Kane),Drown (feat. Clinton Kane),Martin Garrix,4RVtBlHFKj51Ipvpfv5ER4,2020-02-27,78,174062,0.573,0.212,0.739,0.0,0.175,0.363,-5.455,0.0581,120.077,9,4,Happy
20,Never Seen the Rain,Never Seen the Rain,Tones And I,2grAr8pWMuLWn8ZYEE9wDV,2019-07-15,65,200755,0.485,0.44,0.461,0.0,0.232,0.324,-5.646,0.0444,87.009,9,4,Happy
21,Little Bit Of Love - Indian Summer Remix,Little Bit Of Love,JP Cooper,4WEojtwHd0MUF3sPz5ITAj,2020-06-05,65,205199,0.708,0.0133,0.758,1.04e-05,0.418,0.272,-4.453,0.0367,101.017,7,4,Happy
22,Take Care of You,Take Care of You,Ella Henderson,7GajHE5z66qqmzTrKVFCab,2020-06-12,70,194234,0.66,0.141,0.667,5.26e-05,0.107,0.452,-6.87,0.0474,114.901,11,4,Happy
23,Lifestyle (feat. Adam Levine),Lifestyle (feat. Adam Levine),Jason Derulo,0osvOdeD3YXZiWkT8MKolJ,2021-01-21,84,153865,0.749,0.0209,0.674,0.0,0.169,0.711,-5.128,0.0366,123.055,10,4,Happy
24,I Found You,I Found You,Cash Cash,3wYOGJYD31sLRmBgCvWxa4,2020-02-28,72,167307,0.646,0.0714,0.761,0.0,0.222,0.472,-2.557,0.0385,129.916,1,4,Happy
25,Someone,Strawtown,Jubël,68zNuCEl9UHTbcBltW2uDv,2020-03-27,69,181101,0.7,0.0531,0.904,8.03e-06,0.105,0.347,-4.03,0.0431,103.039,2,4,Happy
27,Little Bit Of Love,Little Bit Of Love,JP Cooper,0VrgIjDkmDwlgZk54Try2u,2020-05-08,66,195452,0.659,0.0636,0.801,0.0,0.341,0.334,-4.234,0.0435,105.991,7,4,Happy
28,Lean On Me,Lean On Me,Sandro Cavazza,43Hit5V2BpPq2vxvca3ysc,2020-10-09,72,182497,0.799,0.412,0.419,0.0,0.203,0.716,-7.99,0.174,156.055,6,4,Happy
29,You (with Marshmello & Vance Joy),You (with Marshmello & Vance Joy),benny blanco,1GkHyypTFkUf0QQKwYoXH4,2021-01-29,81,169632,0.668,0.0493,0.563,0.0,0.119,0.305,-6.433,0.0522,103.116,11,4,Happy
30,Tangerine Skies,Tangerine Skies,Declan J Donovan,2VvHa9p1kkTmaCMq0exODA,2020-04-24,60,192000,0.756,0.0578,0.815,2e-05,0.387,0.927,-5.122,0.046,120.002,6,4,Happy
31,Dive,Dive,Hot Shade,0Npijoc6ZcUe1devUugKvI,2019-12-20,68,164490,0.654,0.00515,0.787,0.0,0.144,0.409,-4.999,0.0502,123.978,4,4,Happy
32,Rain On Me (with Ariana Grande),Rain On Me (with Ariana Grande),Lady Gaga,24ySl2hOPGCDcxBxFIqWBu,2020-05-22,84,182200,0.672,0.021,0.855,0.0,0.323,0.646,-3.764,0.0397,123.056,9,4,Happy
33,Tick Tock (feat. 24kGoldn),Tick Tock (feat. 24kGoldn),Clean Bandit,27u7t9d7ZQoyjsCROHuZJ3,2020-08-21,83,178373,0.779,0.369,0.705,7.91e-06,0.124,0.946,-3.895,0.0344,101.022,0,4,Happy
34,Somebody,Somebody,Dagny,6pU7kdmhRvhc8twYRl14bD,2020-05-01,56,194373,0.721,0.00178,0.763,0.000238,0.0945,0.436,-4.748,0.0382,117.981,5,4,Happy
36,Sing It With Me,Sing It With Me,JP Cooper,60DwQiwwglVkTkTwDTTEId,2019-05-03,10,201198,0.54,0.0744,0.793,0.0,0.354,0.399,-4.379,0.0493,112.219,5,4,Happy
37,Head & Heart (feat. MNEK),Head & Heart (feat. MNEK),Joel Corry,6cx06DFPPHchuUAcTxznu9,2020-07-03,91,166028,0.734,0.168,0.874,1.14e-05,0.0489,0.905,-3.158,0.0662,122.953,8,4,Happy
38,Summer Feelings (feat. Charlie Puth) - From 'SCOOB!' The Album,Summer Feelings (feat. Charlie Puth),Lennon Stella,49dFIRQCQxPWgoH0m38XQ5,2020-04-23,75,160289,0.696,0.262,0.686,0.0,0.174,0.7,-6.113,0.0309,115.982,5,4,Happy
39,Dynamite,Dynamite,BTS,0v1x6rN6JHRapa03JElljE,2020-08-21,23,199053,0.746,0.0112,0.765,0.0,0.0936,0.737,-4.41,0.0993,114.044,6,4,Happy
40,My Head & My Heart,Heaven & Hell,Ava Max,1KixkQVDUHggZMU9dUobgm,2020-09-18,90,174760,0.614,0.0697,0.934,0.0,0.121,0.436,-3.709,0.07,116.001,9,4,Happy
41,Savage Love (Laxed - Siren Beat),Savage Love (Laxed - Siren Beat),Jawsh 685,5T490vvoFNU6psep0NPmxs,2020-06-09,74,171374,0.795,0.243,0.48,0.0,0.271,0.723,-8.556,0.0688,149.919,3,4,Happy
42,Beautiful People (feat. Khalid),Beautiful People (feat. Khalid),Ed Sheeran,4evmHXcjt3bTUHD1cvny97,2019-06-28,82,197866,0.64,0.124,0.648,0.0,0.0802,0.548,-8.113,0.187,92.977,5,4,Happy
43,Best Of You (feat. Elle King),Best Of You (feat. Elle King),Andy Grammer,4bsqIuMHtvLCzpYAyV3044,2020-02-07,47,185393,0.653,0.0515,0.623,0.0,0.0869,0.48,-5.989,0.0938,175.884,9,4,Happy
44,2 Hearts (feat. Gia Koka),2 Hearts (feat. Gia Koka),Sam Feldt,0EdgK7ASb4kfRkW8pVMN02,2020-01-10,73,186750,0.503,0.264,0.754,5.85e-05,0.297,0.597,-3.634,0.0424,116.524,7,4,Happy
45,Weekend Vibe,Weekend Vibe,Jubël,5c0lWlmIyCq7hzBhpZasYL,2021-01-15,71,166909,0.688,0.00912,0.742,1.37e-06,0.186,0.74,-6.363,0.0496,110.026,5,4,Happy
46,One Too Many,One Too Many,Keith Urban,5NUXE8W12lWcUXgJRCjeEw,2020-09-16,78,203893,0.697,0.247,0.535,0.0,0.569,0.594,-6.504,0.068,82.959,4,4,Happy
48,Glorious,Glorious,Ella Henderson,7xPIlYAQvOubFllPkn8XSL,2019-09-13,0,184800,0.756,0.155,0.54,0.0,0.0551,0.642,-5.456,0.125,108.274,6,4,Happy
49,On Me (feat. Ava Max),SCOOB! The Album,Various Artists,7k6tAZp4m93oswrPqSfBbc,2020-05-15,75,164683,0.548,0.0119,0.721,0.0,0.216,0.594,-4.466,0.0472,177.918,8,4,Happy
50,Kings & Queens,Kings & Queens,Ava Max,76nqCfJOcFFWBJN32PAksn,2020-03-12,33,162398,0.638,0.00775,0.688,0.0,0.126,0.434,-4.056,0.0407,129.856,1,4,Happy
51,Be Okay (with HRVY),Be Okay (with HRVY),R3HAB,4ztw0mBC6VBiLV79yRHDQW,2020-05-22,68,141600,0.73,0.0179,0.558,0.0,0.128,0.618,-6.535,0.0786,100.066,8,4,Happy
52,Freedom,Freedom,Kygo,5Gj1wG8b12VQdEd3hUuSwo,2020-04-17,77,198635,0.715,0.127,0.635,0.0,0.0862,0.39,-6.591,0.0791,112.887,7,4,Happy
53,Sixteen,Sixteen,Ellie Goulding,4PkIDTPGedm0enzdvilLNd,2019-04-12,73,201072,0.669,0.268,0.801,0.0,0.0594,0.541,-5.445,0.136,109.919,8,4,Happy
54,YES,YES,BEN & TAN,1nAvS4GbkxR7iISU5ZfLPf,2020-03-08,62,180489,0.563,0.00658,0.583,0.0,0.102,0.525,-7.302,0.031,91.899,7,4,Happy
55,Body Back (feat. Maia Wright),Body Back (feat. Maia Wright),Gryffin,1z1XegUChLLQfcbtIK8ABn,2019-10-18,71,214634,0.686,0.0948,0.83,1.33e-06,0.182,0.486,-4.437,0.0369,123.032,8,4,Happy
56,Who's Laughing Now,Who's Laughing Now,Ava Max,73h4oe03sZy8bXfQLfnqMv,2020-07-30,21,180348,0.648,0.00565,0.641,3.63e-06,0.109,0.505,-5.521,0.0389,184.021,7,4,Happy
57,Fingertips,Fingertips,Tom Gregory,0jh5NRR4gX9tsFMLFDhEmX,2020-01-10,68,165430,0.718,0.07,0.693,0.0,0.132,0.691,-5.375,0.0252,88.026,1,4,Happy
58,I'll Wait,I'll Wait,Kygo,6Q3K9gVUZRMZqZKrXovbM2,2020-04-03,75,215360,0.611,0.148,0.651,1.84e-05,0.105,0.357,-6.973,0.0587,122.983,1,4,Happy
59,Never Felt A Love Like This (with Hook N Sling) [feat. Dotan],Church,Galantis,1mMvahhW2Oz9waG8UTQnI4,2020-02-07,67,215388,0.58,0.0304,0.804,0.00359,0.105,0.137,-4.618,0.0279,126.005,9,4,Happy
60,Perfect (feat. Haris),Perfect (feat. Haris),Lucas & Steve,30cW9fD87IgbYFl8o0lUze,2019-10-11,70,176517,0.751,0.0955,0.657,0.0,0.0945,0.532,-4.642,0.0989,118.029,6,4,Happy
61,Sweet & Sour (feat. Lauv & Tyga),Sweet & Sour (feat. Lauv & Tyga),Jawsh 685,3ZWhRS2EJVL5B0IEzkcvZa,2020-09-04,72,163228,0.827,0.092,0.73,1.35e-05,0.258,0.679,-5.324,0.0934,95.003,1,4,Happy
62,Put Your Records On,Put Your Records On,Ritt Momney,1fah1uAs7HeTYDlNftKr3K,2020-04-24,17,210463,0.399,0.058,0.492,0.00101,0.11,0.159,-10.777,0.0538,91.066,6,4,Happy
63,Year of the Young,Year of the Young,Smith & Thell,6J7U49QGecWb3WqIqfSYc0,2020-08-14,63,164200,0.611,0.000817,0.88,1.01e-05,0.0598,0.771,-6.571,0.0378,144.996,7,4,Happy
64,Be Kind,Be Kind,Zak Abel,5pE4OLVJh5rjaLERbUgBB2,2021-02-25,69,181516,0.929,0.068,0.67,0.0,0.318,0.938,-3.977,0.0488,120.935,8,4,Happy
65,Hold On Tight,Hold On Tight,Aloe Blacc,2xytFpmHqcz6UHp1sh0SoR,2020-09-04,51,228120,0.722,0.0264,0.59,0.0,0.0793,0.368,-7.512,0.0435,104.931,2,4,Happy
66,Love Not War (The Tampa Beat),Love Not War (The Tampa Beat),Jason Derulo,4Lt6GXGzYsa1tgkv3nGSTm,2020-11-20,87,192921,0.738,0.105,0.85,0.0,0.23,0.865,-3.049,0.0642,98.013,8,4,Happy
67,Never Really Over,Never Really Over,Katy Perry,5PYQUBXc7NYeI1obMKSJK0,2019-05-31,78,223523,0.77,0.194,0.882,0.0,0.316,0.385,-4.792,0.0602,99.991,8,4,Happy
68,Higher Love,Higher Love,Kygo,6oJ6le65B3SEqPwMRNXWjY,2019-06-28,82,228267,0.693,0.0154,0.678,6.05e-06,0.101,0.404,-7.159,0.0324,103.952,8,4,Happy
69,Keep You Mine,Keep You Mine,NOTD,0OJN2A3Qyvd7pwSF0AIteC,2019-08-02,70,174760,0.81,0.267,0.788,0.000172,0.196,0.845,-3.663,0.0447,135.991,10,4,Happy
70,Goliath,Goliath,Smith & Thell,0z4kyKuFGmUV7WQ7gB1sAp,2020-02-07,60,204758,0.528,0.000414,0.833,1.23e-06,0.068,0.46,-6.19,0.0514,127.998,9,4,Happy
71,My Way (Steve Aoki & Aloe Blacc),My Way (Steve Aoki & Aloe Blacc),Steve Aoki,0FJw1Pg9xXCxbcyQMI6GAe,2020-12-23,67,197647,0.585,0.11,0.82,0.0,0.134,0.396,-4.428,0.0774,169.895,10,4,Happy
72,Faith (with Dolly Parton) [feat. Mr. Probz],Faith (with Dolly Parton) [feat. Mr. Probz],Galantis,35MKhw2YBKApmD7fAnPERC,2019-10-25,69,186804,0.547,0.145,0.795,0.0,0.11,0.723,-3.721,0.0489,118.118,8,4,Happy
73,Fake A Smile,Fake A Smile,Alan Walker,6rAGFY9D3ah6Lb7fUgbNNH,2021-02-19,81,168118,0.447,0.212,0.553,0.0,0.165,0.252,-4.817,0.0322,149.877,0,4,Happy
74,Let Me Move You - From the Netflix film Work It,Let Me Move You (From the Netflix film Work It),Sabrina Carpenter,0roOLcll6SSTYZwsQFmXqP,2020-07-24,75,147070,0.624,0.0112,0.628,0.0191,0.0814,0.772,-6.582,0.0408,114.556,4,4,Happy
75,Be Like That - feat. Swae Lee & Khalid,Be Like That (feat. Swae Lee & Khalid),Kane Brown,5f1joOtoMeyppIcJGZQvqJ,2020-07-10,83,191406,0.727,0.0469,0.626,2.58e-05,0.126,0.322,-8.415,0.0726,86.97,7,4,Happy
76,Don't Start Now,Don't Start Now,Dua Lipa,6WrI0LAC5M1Rw2MnX2ZvEg,2019-10-31,86,183290,0.794,0.0125,0.793,0.0,0.0952,0.677,-4.521,0.0842,123.941,11,4,Happy
77,"Mood (Remix) feat. Justin Bieber, J Balvin & iann dior","Mood (Remix) feat. Justin Bieber, J Balvin & iann dior",24kGoldn,6FuGJB290AQMAHTfjOYVaK,2020-11-06,83,192745,0.721,0.151,0.745,1.24e-06,0.372,0.699,-3.508,0.0366,90.988,7,4,Happy
79,Dance with Me (feat. Thomas Rhett & Young Thug),Diplo Presents Thomas Wesley Chapter 1: Snake Oil,Diplo,6AoHQqGnuwFk9ygWhzLRws,2020-05-29,62,170157,0.73,0.0264,0.792,0.0,0.101,0.745,-5.33,0.13,99.039,6,4,Happy
80,Hold You Tonight (with Chris Lane),Hold You Tonight (with Chris Lane),Gryffin,58jecLK0epwMLr9cy5vFUy,2020-04-07,68,219353,0.467,0.102,0.795,0.0,0.264,0.472,-3.6,0.0687,163.837,11,4,Happy
81,What I Like About You (feat. Theresa Rex),What I Like About You (feat. Theresa Rex),Jonas Blue,4NSW0Km5ZG60L8FthUebPJ,2019-03-22,72,220396,0.46,0.289,0.8,6.16e-06,0.121,0.553,-3.584,0.05,102.46,1,4,Happy
82,What's Love Got to Do with It,What's Love Got to Do with It,Kygo,3Be7CLdHZpyzsVijme39cW,2020-07-17,78,208156,0.75,0.275,0.664,0.0,0.0632,0.617,-5.908,0.154,105.023,8,4,Happy
83,I Don't Care (with Justin Bieber),I Don't Care (with Justin Bieber),Ed Sheeran,3HVWdVOQ0ZA45FuZGSfvns,2019-05-10,83,219946,0.798,0.0912,0.675,0.0,0.0894,0.842,-5.041,0.0442,101.956,6,4,Happy
84,Rewrite The Stars (with James Arthur & Anne-Marie),The Greatest Showman: Reimagined,Various Artists,78nplE9X2ZGvQh3TKgvldE,2018-11-16,70,218293,0.67,0.237,0.743,0.0,0.465,0.571,-4.993,0.0393,125.944,10,4,Happy
86,Just Friends,Just Friends,Virginia To Vegas,02Ygu8lo3qSknRpcBnspso,2019-05-24,66,168946,0.793,0.156,0.714,0.0,0.136,0.794,-7.562,0.193,100.036,7,4,Happy
87,Learn To Fly,Learn To Fly (with Elton John),Surfaces,518miTxc3a15X7HB8FgJUW,2020-06-12,68,209832,0.569,0.554,0.536,0.0,0.0655,0.656,-6.137,0.0819,173.695,1,4,Happy
88,Catching Feelings (feat. Six60),Catching Feelings (feat. Six60),Drax Project,02VHspkXhhH1QCInRWWIfr,2019-09-04,62,218854,0.397,0.607,0.524,0.0,0.157,0.343,-5.846,0.103,175.562,3,4,Happy
89,All You Need To Know (feat. Calle Lehmann),All You Need To Know (feat. Calle Lehmann),Gryffin,4Gcv5SsxnQWpmOnUI19EJk,2019-03-27,70,238458,0.513,0.00968,0.788,0.0,0.11,0.234,-4.629,0.0364,139.987,0,4,Happy
90,My Way,My Way,Aloe Blacc,67CZNsG3SQ1S8O2BsjTo4R,2020-06-26,51,210226,0.619,0.0436,0.557,0.0,0.112,0.378,-7.461,0.0433,74.007,10,4,Happy
92,Dandelion,Dandelion,Galantis,4NexTaCZZ7Ehnf03A6SVjt,2021-01-08,79,140011,0.8,0.158,0.66,0.02,0.14,0.634,-4.903,0.158,117.923,0,4,Happy
93,DANCE,DANCE,CLMD,6TfeXwJihJRuBW3mFpib6J,2019-10-18,71,174448,0.766,0.0263,0.548,1.81e-06,0.21,0.552,-7.834,0.0373,122.012,7,4,Happy
94,Hot Stuff,Hot Stuff,Kygo,00ETaeHUQ6lops3oWU1Wrt,2020-09-18,75,199007,0.681,0.019,0.773,1.28e-06,0.11,0.429,-5.749,0.148,119.961,5,4,Happy
95,Happy Kids,Happy Kids,John De Sohn,3nVJ4tGeLFR6HUiz3e7qAe,2018-11-09,60,177209,0.603,0.0105,0.649,0.0,0.243,0.672,-5.848,0.0476,124.073,11,4,Happy
96,Ooh Girl (feat. A Boogie Wit da Hoodie),Ooh Girl (feat. A Boogie Wit da Hoodie),Kris Kross Amsterdam,1mKNyZCNDueEASgBgZuLdA,2019-08-30,65,168200,0.726,0.139,0.781,0.0,0.274,0.579,-4.276,0.0525,104.976,0,4,Happy
97,Call You Mine,World War Joy,The Chainsmokers,05CwHjIk71RXVU40boRMnR,2019-05-31,4,217653,0.591,0.225,0.702,0.0,0.414,0.501,-5.59,0.0289,104.003,7,4,Happy
98,All Night Long (All Night) - Recorded at Spotify Studios Stockholm,Spotify Singles,Benjamin Ingrosso,5LKNumPGm1bEyVroDE4rcZ,2019-03-15,0,188166,0.649,0.0106,0.718,0.000198,0.117,0.715,-7.101,0.0506,112.049,8,4,Happy
99,I Love Me,I Love Me,Demi Lovato,2IHLaN6wwYKQ3S24NsQqpA,2020-03-06,76,203672,0.664,0.00261,0.561,0.0,0.0764,0.713,-7.031,0.0495,150.093,6,4,Happy
100,Twist And Shout - Remastered,Please Please Me (Remastered),The Beatles,4Z1fbYp0HuxLBje4MOZcSD,1963-03-22,0,155226,0.482,0.641,0.849,7.74e-06,0.0414,0.937,-9.198,0.0452,124.631,2,4,Happy
101,Hooked on a Feeling,Hooked On A Feeling,Blue Swede,6Ac4NVYYl2U73QiTt11ZKd,1973,77,172866,0.547,0.261,0.82,0.0,0.3,0.933,-6.728,0.0805,118.208,8,4,Happy
102,A-Punk,Vampire Weekend,Vampire Weekend,5dKBaysNJtfpyNTRa5lqDb,2008-01-27,31,137760,0.551,0.0102,0.821,0.0438,0.153,0.842,-4.489,0.0539,174.923,2,4,Happy
104,Uptown Funk (feat. Bruno Mars),Uptown Funk (feat. Bruno Mars),Mark Ronson,4rmPQGwcLQjCoFq5NrTA0D,2014-11-24,25,270626,0.853,0.00966,0.681,5.71e-05,0.0233,0.93,-5.003,0.0888,114.989,0,4,Happy
105,Video Killed The Radio Star,I Am Happy,Various Artists,6VwkgtOIlVboseFPCFnyJ2,2010-01-01,0,251533,0.679,0.139,0.79,0.00669,0.165,0.369,-6.934,0.059,131.177,1,4,Happy
106,Watermelon Sugar,Fine Line,Harry Styles,6UelLqGlWMcVH1E5c4H7lY,2019-12-13,92,174000,0.548,0.122,0.816,0.0,0.335,0.557,-4.209,0.0465,95.39,0,4,Happy
107,Hey Ya!,The Way You Move / Hey Ya!,Outkast,3AszgPDZd9q0DpDFt4HFBy,2003,66,239240,0.715,0.0644,0.97,0.000156,0.205,0.963,-2.206,0.0648,79.504,0,4,Happy
108,Come,Zanaka,Jain,1YrC8s6yZWw23QxW6rfM9f,2016-10-21,63,162266,0.818,0.232,0.783,0.00886,0.0803,0.819,-6.534,0.0444,99.992,1,4,Happy
109,Wake Me Up Before You Go-Go,80s 100 Hits,Various Artists,6ZEAXknmx2mrO3KgcDNpFI,2010-02-26,56,223066,0.586,0.144,0.651,0.0,0.489,0.901,-10.16,0.048,81.397,0,4,Happy
110,My Girl,My Girl,High Tropics,4S46FETQcxhXROubIV11M3,2021-02-05,47,165809,0.692,0.0881,0.832,0.0674,0.183,0.858,-4.414,0.0291,112.007,0,4,Happy
111,Treasure,Unorthodox Jukebox,Bruno Mars,55h7vJchibLdUkxdlX3fK7,2012-12-07,80,178560,0.874,0.0412,0.692,7.24e-05,0.324,0.937,-5.28,0.0431,116.017,5,4,Happy
112,Celebration - Single Version,Celebration / Morning Star,Kool & The Gang,6pc8xULSlsMdFB3OrqbvZ4,1980,0,215653,0.843,0.0466,0.656,0.0187,0.169,0.931,-11.184,0.0595,121.112,1,4,Happy
113,Lush Life,So Good,Zara Larsson,1rIKgCH4H52lrvDcz50hS8,2017-03-17,79,201122,0.694,0.133,0.712,0.0,0.211,0.799,-3.923,0.046,98.022,7,4,Happy
114,Mr. Brightside,Hot Fuss,The Killers,0eGsygTp906u18L0Oimnem,2004-06-15,0,222075,0.351,0.00113,0.928,0.0,0.0988,0.239,-3.71,0.0759,148.03,1,4,Happy
115,On Top Of The World,Night Visions,Imagine Dragons,213x4gsFDm04hSqIUkg88w,2012-09-04,76,192280,0.631,0.0841,0.924,3.59e-06,0.084,0.755,-5.589,0.146,100.045,0,4,Happy
117,Walking On Sunshine,Katrina & The Waves,Katrina & The Waves,05wIrZSwuaVWhcv5FfqeH0,1985,79,238733,0.596,0.0116,0.869,0.173,0.0678,0.944,-11.97,0.037,109.902,10,4,Happy
118,Sunday Best,Where the Light Is,Surfaces,1Cv1YLb4q0RzL6pybtaMLo,2019-01-06,84,158571,0.878,0.183,0.525,0.0,0.0714,0.694,-6.832,0.0578,112.022,5,4,Happy
119,Country House,Blur: The Best Of,Blur,4vnYwFOZCVl0bmerWyuzRw,2000-10-23,56,237733,0.341,0.147,0.894,0.0,0.0741,0.672,-6.66,0.0765,174.982,9,4,Happy
120,Posh Kid,Posh Kid,Gasch,68LD8P1989xcYJKZA3aqRV,2021-03-12,41,156000,0.806,0.414,0.467,0.00304,0.0881,0.565,-11.021,0.12,101.048,4,4,Happy
121,Don't Start Now,Future Nostalgia,Dua Lipa,3PfIrDoz19wz7qK7tYeu62,2020-03-27,86,183290,0.793,0.0123,0.793,0.0,0.0951,0.679,-4.521,0.083,123.95,11,4,Happy
123,All About That Bass,All About That Bass,Meghan Trainor,0ifSeVGUr7py5GggttDhXw,2014-06-30,64,188754,0.811,0.0476,0.879,1.91e-06,0.109,0.962,-3.724,0.0514,134.064,9,4,Happy
124,Homesick,Homesick,Arya,1hmV2cFt3tJfvOc9zwzytY,2021-03-20,43,166400,0.741,0.439,0.711,0.0,0.116,0.801,-9.359,0.126,74.989,5,4,Happy
126,Cassy O',Wanted on Voyage,George Ezra,24fXShNbufmThxBTWWPfO1,2014-06-27,1,184133,0.544,0.0462,0.847,0.0,0.336,0.168,-4.794,0.0385,97.974,2,4,Happy
127,Gimme Hope Jo'Anna,Gimmie Eddy - [The Dave Cash Collection],Eddy Grant,6W99yGcIH43jskdRA7idD3,2011-05-09,50,243695,0.896,0.401,0.704,0.132,0.0884,0.98,-12.148,0.0402,128.685,10,4,Happy
128,No Ordinary Love,No Ordinary Love,3409,4e8yoTt9IuRbDkbsLntXZZ,2021-02-11,50,202641,0.771,0.00174,0.616,5.41e-05,0.117,0.336,-6.851,0.0416,106.013,6,4,Happy
129,Little Talks,Little Talks,Of Monsters and Men,3O0FuEfTpt3Zn6J3pXrXVO,2011-01-01,0,267413,0.466,0.0209,0.801,0.0,0.241,0.379,-5.175,0.0354,103.197,1,4,Happy
130,Treat People With Kindness,Fine Line,Harry Styles,03mMSLEJCPoGJwQhHpN5y0,2019-12-13,75,197346,0.653,0.128,0.869,2.2e-05,0.046,0.697,-3.725,0.0382,122.017,5,4,Happy
131,Shiny Happy People,Out Of Time (U.S. Version),R.E.M.,4er8NyQ8cFnZ2b643Tjc44,1991-01-01,0,224800,0.491,0.00361,0.87,0.126,0.184,0.814,-5.99,0.0308,124.444,9,4,Happy
132,Dance Monkey,Dance Monkey (Stripped Back) / Dance Monkey,Tones And I,2XU0oxnq2qxCpomAAuJY8K,2019-10-17,88,209438,0.824,0.692,0.588,0.000104,0.149,0.513,-6.4,0.0924,98.027,6,4,Happy
133,The Wire,Days Are Gone (Deluxe Edition),HAIM,7KdF7Zac5eC9jutk9Qret4,2013-01-01,62,245800,0.548,0.0126,0.632,4.95e-06,0.0769,0.535,-5.569,0.145,113.682,2,4,Happy
135,Love Natural,Cave Rave,Crystal Fighters,04MNyOQZDvLsW2gjAm9q2L,2013-05-27,1,199526,0.654,0.0392,0.791,0.0,0.321,0.603,-6.243,0.048,133.042,11,4,Happy
137,"Hey, Soul Sister","Hey, Soul Sister",Train,0KpfYajJVVGgQ32Dby7e9i,2009-08-06,1,216666,0.675,0.217,0.885,0.0,0.086,0.768,-4.432,0.0436,97.03,1,4,Happy
138,"Feels (feat. Pharrell Williams, Katy Perry & Big Sean)",Funk Wav Bounces Vol.1,Calvin Harris,5bcTCxgc7xVfSaMV3RuVke,2017-06-30,76,223413,0.893,0.0642,0.745,0.0,0.0943,0.872,-3.105,0.0571,101.018,11,4,Happy
139,It's Tricky,Raising Hell,Run–D.M.C.,6jBCehpNMkwFVF3dz4nLIW,1986-05-15,75,183426,0.956,0.000844,0.72,0.0,0.0597,0.961,-13.476,0.137,127.872,11,4,Happy
140,Hot Pink Tiger,Hot Pink Tiger,Limón Limón,1iRlSxYYKp4T7TAgqt5jT4,2020-08-25,43,229920,0.693,0.00828,0.754,0.0198,0.445,0.432,-7.57,0.0309,123.98,4,4,Happy
141,Best Fake Smile,Chaos And The Calm,James Bay,0Me1AKVY2wzxOKLMiaAtNy,2015-03-20,50,205026,0.689,0.0231,0.887,0.0,0.275,0.937,-4.27,0.0424,142.014,11,4,Happy
142,Riptide,Dream Your Life Away (Special Edition),Vance Joy,3JvrhDOgAt6p7K8mDyZwRd,2014-09-09,80,204280,0.484,0.431,0.731,0.0,0.151,0.51,-6.694,0.0379,101.654,1,4,Happy
143,Should I Stay or Should I Go - Remastered,Hits Back,The Clash,3v8PlUFGQQDBIk1J86waCo,2013-08-26,66,188240,0.742,0.0832,0.838,0.0,0.418,0.848,-6.442,0.11,113.373,2,4,Happy
144,Drinking Wine,Hand Over Your Head,Oscar Lang,2zJGwCm2cqkb7q0qrOIMpY,2020-09-11,40,209803,0.434,2.64e-05,0.958,0.000245,0.101,0.746,-3.558,0.0543,145.063,11,4,Happy
145,Don't Slack (from Trolls World Tour),Don't Slack (from Trolls World Tour),Anderson .Paak,1bxa0TPdBMHPeZFHe0adCw,2020-03-10,57,174800,0.618,0.0842,0.837,0.0,0.344,0.8,-5.574,0.115,168.114,9,4,Happy
146,My Girls,My Girls,The Vanjas,4L8gG0XMQzKJfmygtHV5qZ,2018-01-26,38,165905,0.642,0.0166,0.855,0.193,0.27,0.623,-3.194,0.0913,136.062,11,4,Happy
147,Get Lucky (feat. Pharrell Williams & Nile Rodgers) - Radio Edit,Get Lucky (feat. Pharrell Williams & Nile Rodgers) [Radio Edit],Daft Punk,2Foc5Q5nqNiosCNqttzHof,2013-04-19,81,248413,0.794,0.0426,0.811,1.07e-06,0.101,0.862,-8.966,0.038,116.047,6,4,Happy
148,Feel It Still,Woodstock,Portugal. The Man,6QgjcU0zLnzq5OrUoSZ3OK,2017-06-16,80,163253,0.801,0.0417,0.795,0.000113,0.0717,0.754,-5.115,0.0504,79.028,1,4,Happy
149,I'm Alive,I'm Alive,TTRRUUCES,3cQzrjkL2UaGLX1abHxaIz,2020-05-28,40,229226,0.638,0.0733,0.85,0.0122,0.0867,0.545,-4.251,0.0524,100.015,9,4,Happy
150,Accidentally In Love,Shrek 2,Various Artists,1hy6Dic0L5SU1XqjhYY1TR,2004-01-01,0,188893,0.556,0.0499,0.929,1.7e-06,0.0931,0.842,-3.659,0.037,137.996,7,4,Happy
151,I'm Good,I'm Good,The Mowgli's,2kiJ5lZQZusgWwpqA7z2i1,2015-02-03,0,166920,0.613,0.00892,0.923,0.0,0.149,0.669,-5.234,0.0691,96.043,0,4,Happy
152,Walk Of Life,Sultans Of Swing - The Very Best Of Dire Straits,Dire Straits,7w4Tbkbx081vRJa8ol56Qf,1998-11-10,0,249333,0.461,0.416,0.936,0.000135,0.136,0.811,-6.824,0.104,172.43,4,4,Happy
153,Delilah,Delilah,3409,7MDSd5MwBcZuvZBHmWIkiy,2020-11-19,44,131200,0.686,0.147,0.497,8.24e-06,0.107,0.741,-6.508,0.0626,150.096,2,4,Happy
154,Jailhouse Rock,Elvis 30 #1 Hits,Elvis Presley,6pyex9B1kBoRIuabBAc4m8,2002-09-24,63,155333,0.635,0.314,0.672,5.03e-06,0.0688,0.895,-6.788,0.0637,166.903,10,4,Happy
155,Homerun (Radio Edit),Homerun (Radio Edit),The Brahms,6fWMEDCURTkeP9bPYvzcJe,2015-10-14,39,159407,0.532,0.0104,0.831,0.000183,0.0801,0.764,-4.359,0.0456,93.948,9,4,Happy
156,Grace Kelly,Life In Cartoon Motion,MIKA,4Sqc0kPuZpfI0T2TZBu8JT,2007-01-01,4,187733,0.676,0.0271,0.824,0.0152,0.363,0.696,-5.752,0.0449,122.221,0,4,Happy
157,Shine On,Konk,The Kooks,5zsvG3RApT8qMVl7673FqF,2008-01-01,50,194240,0.466,0.0763,0.634,0.0,0.0678,0.324,-5.3,0.0289,128.992,6,4,Happy
159,ABC,The Very Best Of Michael Jackson With The Jackson 5,Michael Jackson,6nzhhT57iQYrbqumru9NNP,1995-01-01,0,179973,0.559,0.448,0.752,0.00061,0.0907,0.946,-10.046,0.0581,187.712,8,4,Happy
160,Jungle Drum,Me And Armini,Emilíana Torrini,7BXToqZFtclAj6mshYWena,2008-09-08,13,133466,0.636,0.134,0.881,0.00952,0.074,0.845,-5.376,0.0758,118.237,2,4,Happy
161,Adventure of a Lifetime,Adventure of a Lifetime,Coldplay,4MFCXniy7I8tj0GXtf3wgC,2015-11-06,57,263786,0.638,0.00205,0.924,0.000175,0.149,0.53,-3.887,0.036,111.995,7,4,Happy
162,Norgaard,What Did You Expect from the Vaccines?,The Vaccines,1Q8reqCOXg2yqNr47HGo9X,2011-03-11,0,98400,0.323,5.12e-06,0.847,0.0208,0.25,0.859,-4.716,0.0348,173.914,11,4,Happy
163,Sunny,Take The Heat Off Me,Boney M.,3pf96IFggfQuT6Gafqx2rt,1976,71,242240,0.647,0.0876,0.868,0.124,0.129,0.803,-6.427,0.105,121.822,0,4,Happy
164,Best Day Of My Life,American Authors,American Authors,44AXd3UVaaVYsSQqBpnYO2,2013-01-01,0,194093,0.673,0.0525,0.901,0.000535,0.0736,0.503,-2.379,0.0348,100.002,2,4,Happy
166,Desire,Communion (Deluxe),Years & Years,6TMzuNLw1ZPgBqPKmnnObm,2015-07-10,56,203204,0.706,0.299,0.777,0.0,0.298,0.638,-4.591,0.0567,126.008,10,4,Happy
167,I'm Gonna Be (500 Miles),Finest,The Proclaimers,66S14BkJDxgkYxLl5DCqOz,2003-09-01,75,219466,0.851,0.151,0.551,0.0,0.0827,0.807,-5.177,0.0396,131.922,4,4,Happy
168,It's Love (but it's not mine),It's Love (but it's not mine),EUT,6i9uagZQiliNoEW8Jp10dX,2019-10-10,0,223813,0.516,0.000178,0.805,0.00135,0.413,0.72,-8.017,0.0311,136.67,5,4,Happy
170,My Type,My Type - Single,Saint Motel,6WP4WTHzaPTCk1QrbRLhgL,2013-07-23,0,203526,0.594,0.0288,0.83,0.0215,0.261,0.69,-5.727,0.0632,117.973,10,4,Happy
172,Let's Fall in Love Some More,Experience the Al Bairre Show With Al Bairre Experience,Al Bairre,1SZN00cfG8T8UxDmJeqjuv,2015-11-21,42,198826,0.607,0.0668,0.924,0.0,0.117,0.778,-5.684,0.0703,134.975,7,4,Happy
173,Friday I'm In Love,Wish,The Cure,20CNpCKq1oTdvekXaboyeq,1992-04-21,0,215160,0.526,0.00126,0.763,6.75e-05,0.359,0.514,-12.663,0.0341,136.205,0,4,Happy
174,Don't Stop (Color on the Walls),Torches,Foster The People,4HRa9ZWcmZ8JD7UySPu0wT,2011-05-23,65,174920,0.611,0.00183,0.948,0.0995,0.0969,0.79,-3.751,0.0753,133.004,1,4,Happy
175,One Way Or Another,Atomic: The Very Best Of Blondie,Blondie,5Q7cE6wGHMehLFo2ppkk5D,1998-01-01,56,208360,0.445,0.00402,0.872,0.00909,0.047,0.834,-6.294,0.0602,162.407,6,4,Happy
176,All My Friends Are Stoned,What About Now - EP,WizTheMc,7BL33HmuFQien4olebugdj,2020-10-30,59,159118,0.794,0.0871,0.628,0.0,0.181,0.935,-4.321,0.0328,121.793,6,4,Happy
177,Chelsea Dagger,Costello Music,The Fratellis,1bCmvezFg5MRcENzCGG1Cy,2006-01-01,69,215306,0.511,0.0491,0.815,0.0,0.0826,0.586,-3.14,0.144,154.514,7,4,Happy
178,The Bad Touch,Nu Rock,Various Artists,2qONptRzQM0D3BGOgAsapI,2007-01-01,49,259506,0.818,0.00209,0.688,0.0541,0.282,0.971,-7.083,0.0379,122.983,0,4,Happy
179,Caroline,Caroline,High Tropics,72NC9kHkFA7k98dE0t4xEX,2020-09-04,42,206753,0.462,5.65e-05,0.813,0.00352,0.227,0.595,-4.562,0.0327,129.99,9,4,Happy
180,Modern Love - Single Version; 2002 Digital Remaster,Best Of Bowie,David Bowie,2Rkfv2emuT4A1QU6dJmf5V,2002-10-21,0,238293,0.464,0.00227,0.895,0.00394,0.13,0.932,-7.683,0.031,91.905,0,4,Happy
181,Suddenly I See,Eye To The Telescope,KT Tunstall,5p9XWUdvbUzmPCukOmwoU3,2005-01-01,71,201706,0.587,0.225,0.767,0.0,0.112,0.664,-5.713,0.0449,100.38,0,4,Happy
182,I Will Survive - Remastered,Gloria Gaynor (Remastered),Gloria Gaynor,2DX0WG5OGLQLaXb41Cq1IA,2008-01-01,52,295666,0.704,0.0346,0.631,0.0,0.159,0.793,-12.299,0.0398,123.286,9,4,Happy
183,Jerk It Out,Love For The Streets,Caesars,5XMjXjwCkJVmk0AHm7z8IV,2002,65,195666,0.58,0.0171,0.981,1.07e-05,0.386,0.861,-2.603,0.06,134.007,8,4,Happy
184,Start Me Up,GRRR! (Deluxe Version),The Rolling Stones,52MW2hwNmLa0KdsZZk8360,2012-01-01,0,212960,0.629,0.0273,0.905,0.199,0.0644,0.967,-4.745,0.0378,122.448,5,4,Happy
185,Baby Love,Lil Empire,Petite Meller,1YyHm1dSJ2JBK0QK769Z82,2016-09-09,44,221721,0.621,0.2,0.915,0.00332,0.0964,0.818,-5.224,0.0411,130.013,1,4,Happy
186,Surfin' U.S.A. - Remastered,The Very Best Of The Beach Boys: Sounds Of Summer,The Beach Boys,7sVxvaLH9Bx9YZyBjdRpdQ,2003-01-01,45,148626,0.55,0.656,0.868,0.0,0.136,0.962,-5.472,0.0361,158.563,3,4,Happy
187,Confident,Confident,LEFT.,1r7rNbAcw17mhrap3ofjSb,2020-05-01,47,177777,0.507,0.0079,0.599,0.0,0.0909,0.516,-7.074,0.0934,89.932,0,4,Happy
189,High,Young Rising Sons,Young Rising Sons,4gTwPFGhIIlYtlo59jbVUB,2014-07-08,53,165720,0.646,0.028,0.85,7.21e-05,0.281,0.518,-5.145,0.043,116.999,7,4,Happy
190,Can't Buy Me Love - Remastered 2015,1 (Remastered),The Beatles,7pQAq14Z73YUFMtxCyt0bG,2000-11-13,0,131213,0.426,0.118,0.76,0.0,0.325,0.955,-4.082,0.0414,171.838,0,4,Happy
191,I_feel_good,I_feel_good,FATCAT,3E7HFO84HdWVJXzqKE82xO,2020-04-10,36,201418,0.7,0.013,0.903,0.0,0.194,0.96,-5.811,0.097,159.95,1,4,Happy
192,Proud Mary,Bayou Country (40th Anniversary Edition),Creedence Clearwater Revival,6pxWv6GV35VGmcPf5dh6CH,1969-01-05,69,187213,0.699,0.13,0.641,0.000218,0.0601,0.728,-7.564,0.0289,120.745,2,4,Happy
193,Smaller,Smaller,Erik Hassle,1gStng1TuTLt0SaISWL14r,2015-11-20,37,205093,0.405,0.415,0.728,0.0,0.0777,0.342,-4.76,0.0433,188.701,7,4,Happy
194,Beautiful Day,All That You Can't Leave Behind,U2,0gzqZ9d1jIKo9psEIthwXe,2000-01-01,75,248400,0.536,0.0154,0.928,0.00134,0.2,0.389,-6.492,0.0589,136.258,11,4,Happy
195,Lisztomania,Wolfgang Amadeus Phoenix,Phoenix,7zkDEBSxkcBVsStS4qBFpK,2009,67,241546,0.635,0.0349,0.786,0.00767,0.497,0.305,-6.46,0.0377,97.54,0,4,Happy
196,Dancing in the Moonlight,Dancing In The Moonlight: The Best Of Toploader,Toploader,1FHNctV68GUNLgXclG2DtR,2009-04-22,70,233373,0.639,0.0528,0.845,0.0,0.336,0.871,-3.333,0.0372,119.48,0,4,Happy
197,LA Calling,Cave Rave,Crystal Fighters,4fCHoHmwmX8LgAp6A1GULJ,2013-05-27,0,229243,0.574,0.0607,0.887,2.41e-06,0.334,0.622,-6.172,0.0565,136.057,11,4,Happy
198,You Can't Hurry Love,"Hello, I Must Be Going",Phil Collins,4YUlGNZfYA6EUE5KDsGqpC,1982-11-17,0,175346,0.639,0.0674,0.923,0.0,0.0879,0.761,-5.708,0.032,97.874,7,4,Happy
199,Side Effects (feat. Emily Warren),Sick Boy...Side Effects,The Chainsmokers,5yNEdBlZMxpcVtGKz5NFk5,2018-07-27,0,173613,0.673,0.00277,0.71,0.0,0.55,0.54,-6.744,0.0324,110.017,8,4,Happy
200,Clouds,Clouds,Paper Idol,6ujXniXS1XhMvBboH604FN,2020-10-30,50,184468,0.74,0.135,0.632,0.00808,0.19,0.498,-4.979,0.0837,92.096,6,4,Happy
201,My Generation - Mono Version,The Who Sings My Generation (U.S. Version),The Who,45s88Xopo6KvHc0PQ05aGg,1966-04-01,61,198866,0.299,0.14,0.787,0.0,0.292,0.716,-7.93,0.069,94.798,0,4,Happy
202,Shotgun,Staying at Tamara's,George Ezra,4ofwffwvvnbSkrMSCKQDaC,2018-03-23,80,201287,0.672,0.286,0.735,0.0,0.242,0.754,-4.733,0.0457,115.741,5,4,Happy
203,Born to Be Alive,Born to Be Alive,Patrick Hernandez,3XIEWK1V9n25PS9Vb6axj5,1978,70,188133,0.704,0.0846,0.867,0.0,0.206,0.809,-5.808,0.0315,131.467,2,4,Happy
204,Price Tag,Who You Are (Platinum Edition),Jessie J,2fTsFCKRFQ5M0igJgabnLA,2011-01-01,74,223053,0.636,0.0294,0.831,3.85e-06,0.272,0.668,-3.945,0.182,175.015,5,4,Happy
205,Girls,The 1975,The 1975,5WSdMcWTKRdN1QYVJHJWxz,2013-01-01,62,254620,0.657,0.00392,0.913,0.00149,0.466,0.906,-4.984,0.0528,108.036,11,4,Happy
206,If You Wanna Be Happy,If You Wanna Be Happy,Jimmy Soul,3eKkMH08IN5qbjp8wv6cV8,2014-03-07,32,143229,0.639,0.611,0.875,1.18e-05,0.204,0.873,-8.231,0.0413,93.242,10,4,Happy
207,San Francisco,Love's Not Dead EP,The Mowgli's,3zdI8HDPKoMsCRkmpQTblk,2012-01-01,38,172893,0.363,0.0131,0.893,0.0,0.0825,0.37,-4.81,0.0584,93.041,11,4,Happy
208,Come On Eileen,Too Rye Ay,Dexys Midnight Runners,4jKojTEsrJtUU5rNp3gbGQ,1982-08,0,273933,0.435,0.519,0.652,0.0,0.129,0.806,-8.495,0.0404,108.097,0,4,Happy
209,Work This Body,TALKING IS HARD,WALK THE MOON,76EeScTnI2sCjDY0SfEoSb,2014-12-02,60,175906,0.421,0.0283,0.831,0.0,0.464,0.488,-5.128,0.107,134.027,4,4,Happy
210,Got My Mind Set On You,Now & Then,Damien Leith,5CPayysVhU2BlNXw2kG59L,2012-04-23,42,227800,0.674,0.0338,0.84,0.000441,0.0941,0.875,-3.879,0.0746,150.011,1,4,Happy
211,Song Away,Song Away,Hockey,0mIPUewslxddIZHnWuPnMD,2009-01-01,28,198320,0.639,0.0276,0.72,0.0,0.113,0.921,-4.253,0.0284,131.797,6,4,Happy
212,Hit The Road Jack,Miami Lighthouse for the Blind Presents: Instrumental Magic,Jeff Zavac featuring The Craetts,7sXxvOVFtMr31xj0kX9BFV,2006-10-01,63,129906,0.593,0.0841,0.752,0.00308,0.197,0.935,-6.617,0.0313,172.087,8,4,Happy
213,Heavy,Heavy,Animal House,2XAZbgSesR2bdSNkBFJmyu,2014-11-01,35,139088,0.507,0.00164,0.753,0.00087,0.168,0.968,-4.064,0.0339,179.948,11,4,Happy
214,I'm a Believer,The Definitive Monkees,The Monkees,5RKZ9zCtLjBLTea7qkSFqr,2001-01-29,43,166906,0.519,0.534,0.772,1.21e-05,0.271,0.961,-6.784,0.0331,79.618,0,4,Happy
215,Rather Be (feat. Jess Glynne),New Eyes,Clean Bandit,61dCUoMCg28qEBzrW6htYM,2014-06-02,72,227833,0.799,0.162,0.586,2.03e-06,0.193,0.549,-6.735,0.0377,120.97,11,4,Happy
216,Walkin' On The Sun,Smash Mouth (International Version),Smash Mouth,1m2EwoCsZlX5JauNr9O4zk,2001-01-01,0,205826,0.732,0.456,0.973,0.0,0.154,0.967,-5.33,0.0319,123.292,6,4,Happy
217,Moves Like Jagger - Studio Recording From The Voice Performance,Hands All Over (Revised International Standard version),Maroon 5,7pYfyrMNPn3wtoCyqcTVoI,2010,78,201493,0.722,0.0117,0.761,0.0,0.315,0.624,-4.459,0.0475,128.044,11,4,Happy
218,All That She Wants,Happy Nation,Ace of Base,12BbMJsJi65mxneq6c9Lm7,1992-11-16,1,211213,0.707,0.00526,0.628,8.21e-05,0.104,0.87,-9.684,0.0877,187.548,11,4,Happy
220,Happy Hour,Soup,The Beautiful South,37i2PeqCGD4WqfGZeQgmXy,2007-01-01,36,142440,0.51,0.113,0.918,2.31e-06,0.115,0.94,-6.219,0.0433,95.876,10,4,Happy
221,"Happy - From ""Despicable Me 2""",G I R L,Pharrell Williams,5b88tNINg4Q4nrRbrCXUmg,2014-03-03,6,232720,0.647,0.219,0.822,0.0,0.0908,0.962,-4.662,0.183,160.019,5,4,Happy
222,Go Your Own Way,Rumours,Fleetwood Mac,0FeCO85RKW8fDRytwXof2x,1977-02-04,18,218400,0.597,0.0219,0.812,0.00106,0.102,0.823,-12.062,0.0315,135.68,5,4,Happy
223,Everybody Talks,Everybody Talks,Neon Trees,74mS2Q0bTQsq3dHuQ55Zj8,2011-12-19,0,179386,0.479,0.00767,0.931,0.0,0.306,0.708,-3.976,0.0613,154.931,8,4,Happy
224,99 Red Balloons,The Definitive 80's (eighties),Various Artists,0XSxZ0cpHcZIpPA7TgSOwZ,2007-12-10,0,230186,0.474,0.187,0.57,0.0,0.106,0.535,-3.188,0.068,94.16,4,4,Happy
225,On Our Way,Royal,The Royal Concept,2cT0rywZk7Mz7xZEpjdZde,2013-01-01,0,193853,0.582,0.00777,0.787,0.0,0.182,0.368,-5.923,0.0877,130.953,1,4,Happy
226,Gotta Go Home,America - Das Party Album,Boney M.,0SDcjtJXrI6jAtD6AkQ6SR,2009-08-27,46,224453,0.74,0.223,0.945,0.116,0.356,0.975,-5.666,0.0314,131.644,1,4,Happy
227,Something That I Want,Enredados (Rapunzel) OST,Various Artists,5faGyT8owqkeioEf5PDeIB,2011-01-01,15,163400,0.551,0.0123,0.834,0.000936,0.472,0.962,-5.882,0.0482,168.944,5,4,Happy
228,So Lonely,The Very Best Of Sting And The Police,Sting,36sl2chZHvRyHlAooKr5va,2002-01-01,0,287920,0.532,0.0182,0.586,9.8e-06,0.0963,0.737,-7.503,0.179,77.705,7,4,Happy
229,Sister Of Pearl,Sister Of Pearl,Baio,1iF2TYT5ScZ2BStvrrxyrE,2015-06-16,0,253439,0.736,0.0808,0.676,0.149,0.197,0.935,-7.28,0.0408,125.046,5,4,Happy
230,I'm Still Standing,Too Low For Zero,Elton John,1jDJFeK9x3OZboIAHsY9k2,1983-05-30,83,183440,0.504,0.356,0.904,0.121,0.14,0.772,-6.863,0.179,176.808,6,4,Happy
231,Sweet About Me,Sweet About Me (e-MAXI INT),Gabriella Cilmi,2Wbf4FpDxo9CGmepoV2RfU,2008-01-01,38,203280,0.682,0.164,0.724,0.0,0.301,0.491,-5.055,0.0306,132.051,3,4,Happy
232,Conga!,The Very Best Of Gloria Estefan (English Version),Gloria Estefan,0KxTWgl64TNOQXiGFJYc6t,1984,59,252933,0.782,0.141,0.873,0.0571,0.112,0.858,-7.157,0.0475,123.181,2,4,Happy
233,Stronger (What Doesn't Kill You),Stronger (Deluxe Version),Kelly Clarkson,1nInOsHbtotAmEOQhtvnzP,2011-10-24,77,221946,0.562,0.046,0.939,0.0,0.112,0.684,-4.282,0.0475,116.044,0,4,Happy
234,You Make My Dreams (Come True),The Very Best of Daryl Hall / John Oates,Daryl Hall & John Oates,7HX9f8AMBl0vQxAoAzLqhS,2001-01-23,65,187600,0.749,0.13,0.484,0.137,0.0486,0.939,-9.944,0.0484,167.084,5,4,Happy
235,Perfect Strangers,Perfect Strangers,Jonas Blue,1Te8WIfLudxjHTr66BL0JK,2016-06-03,2,196613,0.731,0.394,0.822,0.0,0.288,0.708,-5.305,0.0459,118.021,1,4,Happy
236,It's Just Gotta Be That Way,It’s Just Got To Be That Way / There Goes My Baby,Bobby Angelle,1ALSCAxmx0zSt27vzEtLkZ,2015-02-23,0,165426,0.683,0.533,0.719,1.84e-05,0.112,0.907,-4.568,0.0299,118.731,7,4,Happy
237,I Will Wait,Babel (Deluxe Version),Mumford & Sons,71O1jD7bF3cdMPvPi186V6,2012-09-21,0,276720,0.477,0.0155,0.776,0.00314,0.203,0.429,-5.056,0.0349,131.004,1,4,Happy
239,I Spy,I Spy EP,Mikhael Paskalev,3lo2RJDjqTUePp6KhGu3Eq,2013-11-18,33,160933,0.628,0.377,0.886,8.65e-06,0.186,0.694,-4.253,0.0485,123.942,11,4,Happy
240,Rock Around the Clock,Rock Around the Clock (20 Hits),Bill Haley,3vGmNTCxk0OnOWbzIVFHgK,2007-06-10,0,133226,0.806,0.267,0.657,0.000182,0.224,0.702,-11.574,0.158,89.492,9,4,Happy
241,Silence,Silence,thom.ko,0nF3fbJFkhkd804YDhwNEA,2020-06-12,36,185316,0.697,0.137,0.824,0.00702,0.141,0.599,-6.328,0.111,158.023,5,4,Happy
242,Give It Up,Summer Sensations,Various Artists,4AdgZcX33Iq9fQGRHWDr5j,2011-07-10,0,245706,0.837,0.0754,0.592,0.000251,0.0671,0.836,-14.264,0.0671,125.686,3,4,Happy
243,Paint a Smile On Me - Radio Edit,Paint a Smile On Me,Black Yaya,2hrsRRydXNtspNSehQU8RD,2013-09-09,37,203934,0.736,0.0393,0.813,1.64e-06,0.164,0.933,-4.296,0.0853,118.968,7,4,Happy
245,The Game of Love - Main/Radio Mix,Ultimate Santana,Santana,2RjkntlqlkbPFQjufJf8G9,2007-10-10,0,254213,0.597,0.0776,0.93,0.000404,0.0566,0.693,-3.23,0.0477,119.788,2,4,Happy
246,Back To You,Twin Forks,Twin Forks,5F58VuAd1uTLEa3ojeaQfF,2014-02-25,0,170960,0.561,0.00706,0.849,0.0,0.0822,0.411,-5.544,0.0582,129.061,2,4,Happy
247,Stuck In The Middle With You,Reservoir Dogs (Original Motion Picture Soundtrack),Various Artists,1b7LMtXCXGc2EwOIplI35z,2009-01-01,72,203893,0.795,0.0934,0.564,0.000531,0.0631,0.961,-10.482,0.0392,124.166,7,4,Happy
248,Beat Of My Drum,Legendary,POWERS,6TGQYJzWx0IJrzK41mvSFG,2015-10-16,0,206280,0.774,0.053,0.91,9.67e-06,0.095,0.881,-2.456,0.0722,120.02,4,4,Happy
249,Summer Of '69,Reckless,Bryan Adams,6cnd6UwOyvEPWUjuuDKMIP,1984-11-01,0,216426,0.508,0.0157,0.725,1.26e-06,0.0995,0.741,-10.795,0.0344,138.934,2,4,Happy
250,I Believe in a Thing Called Love,Permission to Land,The Darkness,756CJtQRFSxEx9jV4P9hpA,2003-07-07,70,217653,0.442,0.0538,0.846,4.71e-06,0.282,0.622,-5.214,0.0764,128.235,4,4,Happy
251,Lightning Bolt,Jake Bugg,Jake Bugg,5s9sZ2i76iAZeFt5f9uUKP,2012-01-01,0,144013,0.561,0.0634,0.846,0.0,0.193,0.75,-4.48,0.0867,116.168,9,4,Happy
253,If You Wanna Stay,Be Impressive,The Griswolds,6cfPJNoqJsiikMm2TmpiwT,2014-08-25,0,159853,0.543,0.000459,0.946,0.000259,0.108,0.221,-3.888,0.0391,116.515,5,4,Happy
254,Move Your Feet,D-D-Don't Don't Stop the Beat,Junior Senior,7cGfrVoC7G03XeXn7yflx5,2002-04-03,0,181826,0.747,0.046,0.904,0.106,0.203,0.846,-2.623,0.0803,118.877,9,4,Happy
255,Faith - Remastered,Faith,George Michael,0HEmnAUT8PHznIAAmVXqFJ,1987-10-30,76,193200,0.887,0.0094,0.48,3.58e-05,0.0662,0.607,-11.994,0.117,95.846,11,4,Happy
256,I Gotta Have It,Jace Everett,Jace Everett,7mltbDRKBRKXff3dOtwqcA,2006-01-01,33,163893,0.533,0.269,0.964,6.29e-05,0.0642,0.812,-4.712,0.0878,156.149,4,4,Happy
257,Town Called Malice,The Jam Story,The Jam,73RGpQg8Cxtly4QuHtNiOd,2006-06-05,0,172866,0.534,0.000855,0.943,0.0264,0.0697,0.823,-5.898,0.0845,101.754,2,4,Happy
258,Pretoria Girls,Enjoy Yourself,Desmond and the Tutus,6zkVSIgcGnqromeMTYmXv4,2015-11-02,40,262706,0.553,0.00585,0.724,4.72e-05,0.366,0.383,-6.486,0.0359,128.024,2,4,Happy
259,Sweet Home Alabama,Lynyrd Skynyrd,Lynyrd Skynyrd,74QCZPlpayjvQ4yJJFljfQ,1991-01-01,0,285160,0.601,0.181,0.593,0.000441,0.121,0.902,-11.685,0.0257,97.784,0,4,Happy
260,Waterloo,18 Hits (International Version),ABBA,2p0QBZeBS5WGZG4P7SbQv0,2005-01-01,0,166333,0.441,0.423,0.908,2.88e-06,0.325,0.808,-6.481,0.0425,147.597,2,4,Happy
261,Restless Year,Restless Year,Ezra Furman,3VuPTxBQqGGuXH0u0ic14D,2015-03-09,0,145000,0.704,0.0383,0.845,2.03e-05,0.12,0.623,-9.516,0.0535,94.52,9,4,Happy
262,Ain't No Mountain High Enough - Stereo Version,20th Century Masters: The Millennium Collection: The Best Of Marvin Gaye & Tammi Terrell,Tammi Terrell,4gbR24XpCUTkoElYKZlrpO,2000-01-01,0,149066,0.674,0.27,0.794,2.47e-06,0.211,0.685,-7.361,0.0726,129.292,7,4,Happy
263,Moi je joue,Bubble Gum (Vol. 2),Brigitte Bardot,1YvAIf8NVPTlEwInU6mOBk,1994-01-01,0,102666,0.652,0.41,0.742,0.052,0.323,0.736,-9.687,0.0501,106.096,9,4,Happy
264,Rock DJ - 2004 Mix,In And Out Of Consciousness: Greatest Hits 1990 - 2010,Robbie Williams,0lJEYLAJU5KtthQroas2ou,2010-01-01,52,257373,0.709,0.0229,0.768,0.0,0.417,0.869,-4.274,0.0324,103.036,7,4,Happy
265,Umbrella,Strike! (New Exclusive Version),The Baseballs,598ioS7kbtHNBemw00dRqh,2010-02-08,44,186906,0.643,0.438,0.879,0.0,0.107,0.952,-3.602,0.0426,106.077,10,4,Happy
266,Think,Aretha Franklin,Aretha Franklin,1wwmkKWOk330VnN9IroMOI,2006-02-27,0,138480,0.683,0.164,0.659,0.0,0.248,0.919,-9.424,0.0412,109.952,6,4,Happy
267,Cake By The Ocean,SWAAY,DNCE,42ftjU4cTN5UTRksyqBKZJ,2015-10-23,0,218440,0.771,0.147,0.76,0.0,0.053,0.881,-5.459,0.0514,119.0,4,4,Happy
268,You Can Call Me Al,The Essential Paul Simon,Paul Simon,6wLr2oR8eqUG5Beleh2Crm,2007,59,276360,0.777,0.126,0.725,0.0108,0.0917,0.851,-9.012,0.047,128.349,5,4,Happy
269,Walk Like an Egyptian,80s 100 Hits,Various Artists,1gb5sUe1CuRBuT8twq8uhw,2010-02-26,49,192813,0.716,0.0117,0.828,2.1e-06,0.301,0.771,-13.065,0.104,103.155,11,4,Happy
271,All Star,All Star Smash Hits,Smash Mouth,22c2pt75xtnDddA5Zlm0yy,2005-01-01,0,200560,0.73,0.0398,0.862,0.0,0.0818,0.77,-5.876,0.0313,104.018,11,4,Happy
272,Reggae Night,La Felicidad... En 4 Minutos,Various Artists,46JMEuyi5JFYSRzxeIWk9Q,2011-11-29,0,322440,0.801,0.301,0.757,8.25e-06,0.0708,0.962,-7.13,0.0369,109.366,0,4,Happy
273,Viva L'amour,Toujours,Sabina,4xZl9afc0L9yCoxLK7dVmx,2014-03-23,0,184693,0.721,0.259,0.811,0.0,0.0951,0.969,-6.871,0.0426,142.128,2,4,Happy
274,Lets Twist Again,Lemon Popsicles And More - A Flavour Of The Fabulous Fifties,Various Artists,2LL1UuRkaqDUjgjn7dBXbx,2011-08-20,0,142840,0.634,0.0698,0.744,0.0,0.0465,0.967,-5.062,0.041,162.4,3,4,Happy
275,The Look,A Collection of Roxette Hits! Their 20 Greatest Songs!,Roxette,46WVVHERbHreW3Ap2ztQt8,2006-10-18,55,237320,0.634,0.0531,0.838,8.34e-06,0.0522,0.541,-5.363,0.0413,95.011,2,4,Happy
276,Don't Go Breaking My Heart,Rocket Man (Deluxe Edition),Elton John,0bV4WoGRzmYV6y7OojZvqr,2007-03-26,0,275386,0.73,0.179,0.858,1.54e-06,0.0611,0.765,-8.221,0.036,131.445,5,4,Happy
277,Can't Stand Me Now,The Libertines,The Libertines,71D4LseR0RADPbyvMeTIHR,2004,21,203733,0.368,0.0111,0.935,0.00201,0.0948,0.558,-3.204,0.0587,164.425,4,4,Happy
278,All I Wanna Do,Tuesday Night Music Club,Sheryl Crow,4cqHVuDLFbO1XCr4nmks4S,1993-08-03,0,272106,0.82,0.111,0.528,0.0186,0.257,0.931,-11.179,0.0321,120.091,9,4,Happy
279,Smile,"Alright, Still (Deluxe)",Lily Allen,79z9QkhHePTFsSeVw9uyj0,2006-07-14,70,196893,0.632,0.00143,0.639,0.0,0.221,0.733,-5.938,0.0259,95.506,5,4,Happy
280,Sir Duke,Songs In The Key Of Life (Reissue),Stevie Wonder,2udw7RDkldLFIPG9WYdVtT,1976-09-28,0,232760,0.588,0.16,0.568,0.0,0.0792,0.952,-9.766,0.0672,106.938,6,4,Happy
281,Butterfly,We Sing. We Dance. We Steal Things.,Jason Mraz,095eK5hacN4Y9r7k8TyJ1B,2008-05-01,45,299066,0.718,0.147,0.658,0.0,0.183,0.806,-7.207,0.0665,108.105,10,4,Happy
282,Uh La La La,Disco 90's,Various Artists,1ahAVyeP1B027c03NlVSRd,2008-03-16,45,225640,0.779,0.289,0.589,0.000535,0.331,0.815,-11.562,0.0893,92.308,5,4,Happy
283,Build Me up Buttercup (Re-Recorded),60s Greatest Moments,Various Artists,2Vi0fxL1fyE7KrKt3JihJn,2007-01-01,0,185480,0.707,0.158,0.814,2.72e-06,0.106,0.922,-7.364,0.0367,132.062,0,4,Happy
284,Pencil Full of Lead,Sunny Side Up,Paolo Nutini,6ACPfkfDfJfGGE4oKfbiRY,2009-05-29,49,146733,0.735,0.324,0.767,0.0,0.146,0.833,-6.536,0.116,106.132,7,4,Happy
287,Happy,On Our Minds EP,EGOISM,4zKox8k2E0QUS6Fs1FbHAR,2020-11-06,35,202502,0.487,0.00173,0.798,0.00548,0.106,0.391,-6.441,0.0313,144.997,2,4,Happy
288,Johnny B. Goode,Universal Masters collection,Chuck Berry,7KkzVlps826NezcpXPvEuV,1999-12-20,0,162093,0.502,0.697,0.931,3.92e-06,0.281,0.903,-4.686,0.174,166.407,5,4,Happy
289,Sleeping in My Car - Single Version,A Collection of Roxette Hits! Their 20 Greatest Songs!,Roxette,2ifpR5UJBqfXYPgHvgWN91,2006-10-18,43,214160,0.546,0.0123,0.85,0.0,0.193,0.584,-4.315,0.0322,135.162,6,4,Happy
291,Soul Galore,Soul Galore! The Northern Soul of Brunswick,Various Artists,2aD4W01yVwT6SsZF4m1FAJ,1966,31,167466,0.556,0.0985,0.895,1.67e-05,0.227,0.559,-5.093,0.0696,77.546,5,4,Happy
292,Fuck You,The Lady Killer,CeeLo Green,4ycLiPVzE5KamivXrAzGFG,2010-11-09,69,222933,0.69,0.129,0.834,0.0,0.136,0.738,-5.79,0.0566,127.43,0,4,Happy
294,Dreaming,Dreaming,Smallpools,79M4YK2A4CNxvmdc6A7her,2013-05-20,34,216573,0.615,0.000527,0.887,0.0,0.0667,0.877,-2.924,0.0453,119.0,10,4,Happy
295,Relight My Fire - Single Version,70s Gems,Various Artists,0ZvLrvwzp0nBkfmtzL7XO1,2010-03-26,54,224333,0.759,0.0687,0.871,0.0,0.342,0.871,-7.034,0.0391,120.43,0,4,Happy
296,Animal,Miike Snow,Miike Snow,4XTTwW06rMgud7yS1nySZf,2009-05-21,56,263880,0.763,0.0117,0.721,7.69e-06,0.0752,0.657,-6.767,0.0986,118.049,1,4,Happy
297,I Wanna Dance with Somebody (Who Loves Me),Whitney,Whitney Houston,2k1np6GRFvKjgjYfo2g39B,1987-06-02,0,291293,0.709,0.207,0.824,0.000307,0.0888,0.867,-8.824,0.0453,118.814,1,4,Happy
298,Mercy,Rockferry (intl Deluxe Edition),Duffy,1dKm4a7TOYFzzTQvU59C59,2008-01-01,0,219920,0.793,0.266,0.859,0.000356,0.133,0.964,-3.774,0.0332,129.912,0,4,Happy
299,Two Princes,Pocket Full Of Kryptonite,Spin Doctors,4ePP9So5xRzspjLFVVbj90,1991-08-27,72,256733,0.543,0.00162,0.912,2.1e-06,0.0565,0.836,-10.71,0.0601,103.731,7,4,Happy
300,Girls Just Want to Have Fun,The Best Of The 80's,Various Artists,7sMGwiS4vOMcz86ZY3vKYM,2007-12-10,66,228120,0.705,0.414,0.847,3.21e-06,0.406,0.743,-2.588,0.0361,120.527,6,4,Happy
302,I Don't Feel Like Dancin',Ta Dah,Scissor Sisters,13pyGLYmBjYgvOMIEivX2K,2006-01-01,56,288360,0.71,0.018,0.917,0.0,0.335,0.83,-3.385,0.0287,108.031,7,4,Happy
303,Lemon Tree,Dish Of The Day,Fools Garden,1yN2z5XVtaAOYGdeEqEuqd,1995,0,191026,0.669,0.672,0.479,0.0,0.11,0.679,-8.849,0.0442,143.159,1,4,Happy
304,Foundations,Made of Bricks,Kate Nash,3PY6DWrkuIt6LZgFesrIkJ,2007-01-01,52,245133,0.565,0.0982,0.912,0.0,0.0839,0.881,-4.036,0.056,84.49,0,4,Happy
305,I Want You Back,Diana Ross Presents The Jackson 5,The Jackson 5,3b0EOvScbZUc0qJx0E1L2z,1969-12-18,0,176333,0.639,0.29,0.548,9.68e-05,0.366,0.887,-13.534,0.0394,98.359,8,4,Happy
306,Stayin' Alive - Remastered Version,Number Ones,Bee Gees,3LmpQiFNgFCnvAnhhvKUyI,2004-11-09,0,285200,0.675,0.0696,0.899,0.000139,0.33,0.91,-6.124,0.0418,103.683,10,4,Happy
308,Footloose,The Best Of The 80's,Various Artists,1Ppwc43WYFEBXw2n1ePhDY,2007-12-10,51,225880,0.594,0.0719,0.927,5e-05,0.079,0.648,-2.691,0.0675,173.927,2,4,Happy
309,Mr. Pitiful,Mr. Pitiful (UK eSingle Multi),Matt Costa,7GH4CmhitO7eLNLnUBtduQ,2007-01-01,19,176173,0.76,0.175,0.714,0.0,0.0778,0.774,-7.134,0.0274,110.007,0,4,Happy
310,"Could You Be Loved - 12"" Mix",Uprising,Bob Marley & The Wailers,3cc66vpbbkDNgtSnWgKked,1980,0,325306,0.874,0.274,0.793,0.000219,0.123,0.791,-7.979,0.0945,102.938,7,4,Happy
311,Movin' on Up,Screamadelica,Primal Scream,67ncFJWaIbJdqZl1bpEppz,1991-09-23,64,228266,0.523,0.103,0.76,0.00068,0.0666,0.581,-12.437,0.0325,94.267,5,4,Happy
313,Reflections,Our Own House,MisterWives,6MByWSkfqebVmpPw3pA1uR,2015-02-24,0,186440,0.682,0.0201,0.681,0.0162,0.101,0.577,-5.435,0.0291,111.037,2,4,Happy
315,It's a Beautiful Day,To Be Loved,Michael Bublé,0mvkwaZMP2gAy2ApQLtZRv,2013-04-11,68,199266,0.532,0.0559,0.795,0.0,0.295,0.78,-3.979,0.0358,143.837,1,4,Happy
316,What You Know,Tourist History,Two Door Cinema Club,1qfYG2JrchEyJiqKnkE7YQ,2010-02-07,19,189693,0.55,0.000665,0.753,7.74e-06,0.0921,0.841,-4.003,0.0407,139.048,6,4,Happy
317,S.O.B.,Nathaniel Rateliff & The Night Sweats,Nathaniel Rateliff & The Night Sweats,41K81NpjapePhBdIKC3QFQ,2015-08-21,0,247612,0.701,0.264,0.595,0.00421,0.449,0.115,-6.484,0.0447,109.991,1,4,Happy
318,Black Or White,Michael Jackson: The Ultimate Collection,Michael Jackson,5YAY2D4s3o0QNOpFwEsynX,2004-11-17,0,256186,0.767,0.177,0.895,0.0253,0.0683,0.884,-3.633,0.0871,114.789,9,4,Happy
319,Alright,I Should Coco,Supergrass,5xC8uOesnn0udeXAYlAnoY,1995-05-15,74,180880,0.467,0.000479,0.958,0.199,0.299,0.701,-4.808,0.0775,145.92,4,4,Happy
320,Als Ik Je Weer Zie,Als Ik Je Weer Zie,Thomas Acda,3yraHvsUkmnJjGhOrx1CSg,2021-01-15,75,207733,0.74,0.372,0.604,0.0,0.0829,0.602,-6.784,0.0379,101.925,7,4,Happy
322,Window Of Hope,Evolution,Oleta Adams,7IyXO4OsPqqmB0v1ebT9Ok,1993-01-01,52,262893,0.619,0.0282,0.82,0.0,0.302,0.838,-8.016,0.0309,111.01,0,4,Happy
324,Duurt Te Lang (Beste Zangers Seizoen 2019),Duurt Te Lang (Beste Zangers Seizoen 2019),Davina Michelle,2rzZ0IGxgrGUAPwrWn80z7,2018-10-06,65,153527,0.638,0.127,0.444,0.0,0.0905,0.151,-14.221,0.196,173.707,7,4,Happy
325,Blijven Slapen,Blijven Slapen,Snelle,1Fc6lVQFPOcEVz3QWEzXWL,2021-02-26,76,170991,0.751,0.221,0.549,0.0,0.112,0.735,-7.798,0.106,106.01,5,4,Happy
326,Zoutelande,Aan,BLØF,1dCaSvUR92UgJZwmNxnqZV,2017-05-19,0,223266,0.67,0.221,0.643,1.58e-05,0.142,0.893,-7.198,0.0286,129.013,6,4,Happy
327,Amigo,Amigo,Chef'Special,6lAqwGwFzQ44SrODqr0NmQ,2017-03-03,58,180133,0.559,0.00834,0.922,0.0,0.356,0.638,-4.597,0.0504,145.0,6,4,Happy
329,Hoe Het Danst,Hoe Het Danst,Marco Borsato,5cYOVkA2cnjKid9yigaMwq,2019-06-28,69,252923,0.686,0.0597,0.86,0.0,0.19,0.417,-3.358,0.0517,130.027,4,4,Happy
330,IJskoud,Diamant,Nielson,2zVNIG9cfMyFxt8XqJ64s4,2018-10-12,60,210200,0.668,0.0434,0.73,0.0109,0.368,0.146,-6.573,0.0476,98.024,7,4,Happy
331,Valerie - Version Revisited,Version,Mark Ronson,4BfRDZLIiznSnwU7DdDL9N,2007-06-22,9,219413,0.698,0.00253,0.844,0.000426,0.124,0.896,-4.789,0.0544,105.828,1,4,Happy
332,Girl,Hotel New York,Anouk,5zhee6Apgg8QqeJObO4k1d,2004-10-25,58,210733,0.672,0.00753,0.803,0.0,0.0597,0.794,-4.693,0.0285,136.007,4,4,Happy
333,Rode Wijn,Rode Wijn,Maan,4BIS9PtQ3zf5IWYpWZxzjb,2020-03-24,39,203516,0.662,0.384,0.66,0.0,0.166,0.526,-5.649,0.0448,96.991,0,4,Happy
334,In Your Arms,Passing Through (Deluxe),Chef'Special,5ZVYh2tB5Ko3aCkwkJguZe,2014-11-28,51,215269,0.669,0.646,0.406,1.27e-05,0.112,0.362,-12.186,0.0501,92.964,5,4,Happy
335,Don't Go Breaking My Heart,Rock Of The Westies (Remastered),Elton John,5nPdMALTEd7HOjn16oNf2X,1975-10-24,0,275440,0.729,0.149,0.844,2.87e-06,0.0604,0.777,-8.824,0.0344,131.459,5,4,Happy
336,Relight My Fire - Single Version,70s Gems,Various Artists,0ZvLrvwzp0nBkfmtzL7XO1,2010-03-26,54,224333,0.759,0.0687,0.871,0.0,0.342,0.871,-7.034,0.0391,120.43,0,4,Happy
337,Don't Stop,Rumours,Fleetwood Mac,4SXU3lUZ1eb4JWWbkQw43Y,1977-02-04,0,192133,0.686,0.0398,0.632,2.2e-06,0.0686,0.88,-11.433,0.0353,118.965,9,4,Happy
338,Walking On Sunshine,Katrina & The Waves,Katrina & The Waves,05wIrZSwuaVWhcv5FfqeH0,1985,79,238733,0.596,0.0116,0.869,0.173,0.0678,0.944,-11.97,0.037,109.902,10,4,Happy
340,(Your Love Keeps Lifting Me) Higher & Higher,The Ultimate Jackie Wilson,Jackie Wilson,4TBBPZks71c60whhq0PgdP,2006,71,181066,0.631,0.176,0.69,0.0,0.121,0.938,-6.676,0.0531,94.574,2,4,Happy
341,You And Me,Just For You And Me - The Greatest Hits Collection,Spargo,7vdCyoiMaAaC3cVXqrtXNj,2019-02-01,53,254160,0.797,0.383,0.679,2.31e-05,0.0677,0.96,-9.645,0.0758,119.832,6,4,Happy
342,War,Rivals,Kensington,3h1in20DlO5KaSP1vLED90,2014-08-08,0,176652,0.641,0.079,0.806,0.00158,0.0708,0.721,-6.281,0.0323,125.987,8,4,Happy
343,Teardrops - Single Version,Music For Groovin',Various Artists,5HiKQLlJ3LAuz8J9yHB0HX,2007-01-01,60,230573,0.879,0.037,0.693,0.119,0.18,0.966,-10.577,0.046,133.231,11,4,Happy
347,Here Comes The Sun - Remastered 2009,Abbey Road (Remastered),The Beatles,6dGnYIeXmHdcikdzNNDMm2,1969-09-26,84,185733,0.557,0.0339,0.54,0.00248,0.179,0.394,-10.484,0.0347,129.171,9,4,Happy
348,Walking in Memphis,Marc Cohn,Marc Cohn,5fgkjhICZnqFctrV0AyuQD,1991-02-08,72,252613,0.567,0.545,0.512,0.0,0.296,0.334,-8.831,0.0357,130.271,0,4,Happy
349,Late in the Evening,One-Trick Pony,Paul Simon,2h23bjG8B3bcD47HBu6bHG,1980-08-01,60,242706,0.72,0.199,0.88,0.0246,0.0865,0.961,-8.988,0.0406,118.623,5,4,Happy
350,Happy Ending,Body And Soul,Joe Jackson,1qv9TWDpXh50DPLgWD4bnH,1984-01-01,51,218466,0.635,0.0973,0.808,0.0,0.141,0.726,-5.026,0.0262,131.377,9,4,Happy
351,Streets,Rivals,Kensington,265poZGWCyWo6h5tq7kiA6,2014-08-08,0,185358,0.376,0.000874,0.771,8.98e-06,0.274,0.419,-5.8,0.0422,168.154,6,4,Happy
352,Lovely Day,Lean on Me: The Best of Bill Withers,Bill Withers,0ACACkoHUwgfgY5CxVIL4N,1994-08-09,69,255066,0.693,0.194,0.565,0.000175,0.0806,0.692,-12.583,0.0345,97.937,9,4,Happy
353,Working My Way Back to You,The Very Best of the Spinners,The Spinners,7cLkQkC9Z7hnN767rfRl5G,1993,61,242666,0.818,0.289,0.768,4.73e-06,0.107,0.922,-6.975,0.0482,121.562,9,4,Happy
354,Shotgun,Staying at Tamara's,George Ezra,4ofwffwvvnbSkrMSCKQDaC,2018-03-23,80,201287,0.672,0.286,0.735,0.0,0.242,0.754,-4.733,0.0457,115.741,5,4,Happy
355,Lonely Boy,What's Wrong with This Picture?,Andrew Gold,6wGMLoEqD2k3RBXFHD0yUp,1976,55,264893,0.588,0.0386,0.598,5.83e-05,0.107,0.866,-13.288,0.0296,123.724,9,4,Happy
356,Like The Way I Do,Greatest Hits - The Road Less Traveled,Melissa Etheridge,38TXeCvUUqf3PeoPvnERV6,2005,0,324760,0.591,0.0215,0.931,0.0,0.122,0.672,-4.84,0.0557,101.548,2,4,Happy
357,J'aime la vie - No. 1 Eurovision Song Contest 1986,Best of Sandra Kim (Le meilleur des années 80),Sandra Kim,5opXus6JIe9UD94Qk24RYB,2011,48,184087,0.594,0.284,0.811,0.0,0.0998,0.668,-5.911,0.0319,139.112,2,4,Happy
359,Watermelon Sugar,Fine Line,Harry Styles,6UelLqGlWMcVH1E5c4H7lY,2019-12-13,92,174000,0.548,0.122,0.816,0.0,0.335,0.557,-4.209,0.0465,95.39,0,4,Happy
360,Love Is In The Air,I Hate the Music,John Paul Young,3c4OULLWwgRqBfA2dJtRuY,2009-09-18,67,210293,0.557,0.0254,0.791,0.000264,0.0605,0.895,-7.201,0.0389,122.34,0,4,Happy
361,Ain't Nobody,"Epiphany: The Best of Chaka Khan, Vol. 1",Chaka Khan,2NVpYQqdraEcQwqT7GhUkh,1996-11-08,71,280853,0.8,0.189,0.878,0.000104,0.14,0.816,-7.109,0.0434,104.282,1,4,Happy
362,This Will Be (An Everlasting Love),Inseparable,Natalie Cole,0PDCewmZCp0P5s00bptcdd,1975-01-01,74,171960,0.685,0.228,0.623,0.00234,0.0295,0.896,-11.146,0.042,126.739,8,4,Happy
363,Every Kinda People,Double Fun,Robert Palmer,5jkUfQV3wlplyoz0PUja09,1978-01-01,0,199200,0.631,0.248,0.547,0.000119,0.0523,0.962,-12.626,0.036,94.533,6,4,Happy
365,I Can Make You Feel Good,A Night to Remember,Shalamar,4zGz2XJCpLqBNAmqYGaJw9,1999-01-01,56,256773,0.706,0.19,0.7,5.25e-06,0.0736,0.961,-10.251,0.0289,112.805,7,4,Happy
366,Brown Eyed Girl,Super Hits,Van Morrison,4myBMnNWZlgvVelYeTu55w,1999-04-29,0,182960,0.478,0.29,0.678,0.0,0.577,0.892,-7.032,0.0364,151.466,7,4,Happy
367,Would I Lie To You? - Edit,Pure 90s,Various Artists,136GkI97Kq94KUiBywEfK0,2008-06-16,0,218960,0.706,0.412,0.636,0.0,0.163,0.693,-7.827,0.0337,101.089,11,4,Happy
368,Oh Happy Day,Oh Happy Day: The Best Of The Edwin Hawkins Singers,The Edwin Hawkins Singers,34yIb7hw5SuR80au1BHTtt,2001-08-07,52,308600,0.321,0.0961,0.462,0.0,0.102,0.457,-10.711,0.0346,116.782,8,4,Happy
369,Gimme Hope Jo'Anna,Gimmie Eddy - [The Dave Cash Collection],Eddy Grant,6W99yGcIH43jskdRA7idD3,2011-05-09,50,243695,0.896,0.401,0.704,0.132,0.0884,0.98,-12.148,0.0402,128.685,10,4,Happy
370,"I Can't Help Myself (Sugar Pie, Honey Bunch)",The Definitive Collection,Four Tops,3aSWQJcWnnqgwYbAgidvlV,2008-01-01,67,163680,0.686,0.204,0.714,0.0,0.0592,0.964,-4.809,0.0287,126.736,0,4,Happy
371,Suddenly I See,Eye To The Telescope,KT Tunstall,5p9XWUdvbUzmPCukOmwoU3,2005-01-01,71,201706,0.587,0.225,0.767,0.0,0.112,0.664,-5.713,0.0449,100.38,0,4,Happy
372,Walk Of Life,Sultans Of Swing - The Very Best Of Dire Straits,Dire Straits,7w4Tbkbx081vRJa8ol56Qf,1998-11-10,0,249333,0.461,0.416,0.936,0.000135,0.136,0.811,-6.824,0.104,172.43,4,4,Happy
373,Sterrenstof,De Lachende Derde,De Jeugd Van Tegenwoordig,7D5vAulNfrQV6xEwzgH0OF,2010-01-01,63,220946,0.714,0.317,0.79,1.27e-05,0.198,0.904,-3.757,0.109,97.012,5,4,Happy
374,Hot Shot - Vocal Short Version,Hot Shot,Karen Young,3T1Nk3Z68yU4dS7w4etTXg,1978-09-15,40,193265,0.712,0.103,0.84,0.00221,0.107,0.902,-8.944,0.042,119.581,2,4,Happy
375,Driver's Seat,Fickle Heart (Plus Two Bonus Cuts),Sniff 'n' The Tears,0fJFBbpUxTwjhh1ScBQjeX,1978,1,240746,0.754,0.0186,0.804,0.0604,0.207,0.972,-7.189,0.0368,132.967,11,4,Happy
376,Give A Little Bit,Even In The Quietest Moments,Supertramp,6XUHsYE38CEbYunT983O9G,1977-01-01,77,248173,0.531,0.0694,0.818,0.0096,0.263,0.471,-5.358,0.0452,90.767,2,4,Happy
377,Ain't No Mountain High Enough - Stereo Version,20th Century Masters: The Millennium Collection: The Best Of Marvin Gaye & Tammi Terrell,Tammi Terrell,4gbR24XpCUTkoElYKZlrpO,2000-01-01,0,149066,0.674,0.27,0.794,2.47e-06,0.211,0.685,-7.361,0.0726,129.292,7,4,Happy
378,"December, 1963 (Oh What a Night!)",The Very Best of Frankie Valli & The 4 Seasons,Frankie Valli & The Four Seasons,7ePFDzrnLt3Ynqgy2UFWri,2003-01-14,66,201093,0.727,0.058,0.588,5.46e-06,0.0414,0.964,-9.568,0.0253,104.413,1,4,Happy
379,We Can Do Better,We Can Do Better,Matt Simons,1hLjLWrzO18acdCFcccFWk,2018-04-04,2,179895,0.629,0.0365,0.686,2.37e-05,0.0709,0.731,-4.851,0.0626,91.05,8,4,Happy
380,Summer Of '69,Reckless (30th Anniversary / Deluxe Edition),Bryan Adams,0GONea6G2XdnHWjNZd6zt3,1984-11-05,83,216053,0.508,0.0183,0.834,0.0,0.0732,0.774,-6.205,0.0386,139.131,2,4,Happy
381,Respect - 2003 Remaster,"Atlantic 60th: Soul, Sweat And Strut",Various Artists,5AoTuHE5P5bvC7BBppYnja,2007-10-30,66,142186,0.744,0.0723,0.611,0.000532,0.0692,0.961,-6.386,0.0333,114.991,0,4,Happy
382,Dance Little Sister,Introducing The Hardline According To Terence Trent D'Arby,Sananda Maitreya,4o9Kj7onklt6xbYl3jVArp,1987-07-06,52,234640,0.722,0.161,0.696,0.0,0.0755,0.93,-11.095,0.0901,115.397,2,4,Happy
384,Grace Kelly,Life In Cartoon Motion,MIKA,4Sqc0kPuZpfI0T2TZBu8JT,2007-01-01,4,187733,0.676,0.0271,0.824,0.0152,0.363,0.696,-5.752,0.0449,122.221,0,4,Happy
385,Wake Me up Before You Go-Go,THE FINAL,Wham!,5J0S5UgpCwlmEagrqgzvoC,1986-05-31,0,230666,0.612,0.192,0.738,0.0,0.0779,0.883,-6.648,0.0479,81.327,0,4,Happy
386,Send Me on My Way,Music From Party of Five,Various Artists,6hs3SDnbO3f6VQuPO4KBEb,1996-11-12,74,263333,0.5,0.114,0.681,4.01e-05,0.139,0.745,-9.556,0.0672,119.46,0,4,Happy
387,Stand by Me,Don't Play That Song (Mono),Ben E. King,3SdTKo2uVsxFblQjpScoHy,1962-08-20,79,180055,0.65,0.57,0.306,7.07e-06,0.0707,0.605,-9.443,0.0393,118.068,9,4,Happy
388,"Ease On Down The Road #1 - From ""The Wiz"" Soundtrack",The Wiz,Various Artists,0OIQxUqmzExTkME0S5dX0c,1978-01-01,46,234773,0.777,0.363,0.916,4.99e-06,0.102,0.775,-7.185,0.101,122.439,5,4,Happy
389,I'm a Believer,The Definitive Monkees,The Monkees,5RKZ9zCtLjBLTea7qkSFqr,2001-01-29,43,166906,0.519,0.534,0.772,1.21e-05,0.271,0.961,-6.784,0.0331,79.618,0,4,Happy
390,Put Your Records On,Corinne Bailey Rae,Corinne Bailey Rae,2nGFzvICaeEWjIrBrL2RAx,2006-01-01,80,215360,0.739,0.167,0.511,1.34e-06,0.133,0.542,-7.844,0.0362,96.038,9,4,Happy
391,Listen to the Music,Toulouse Street,The Doobie Brothers,7Ar4G7Ci11gpt6sfH9Cgz5,1972,77,227266,0.645,0.221,0.598,3.53e-06,0.0721,0.913,-13.18,0.0335,105.929,1,4,Happy
392,Give It Up,Summer Sensations,Various Artists,4AdgZcX33Iq9fQGRHWDr5j,2011-07-10,0,245706,0.837,0.0754,0.592,0.000251,0.0671,0.836,-14.264,0.0671,125.686,3,4,Happy
393,Happiness,Energy (Expanded Edition),The Pointer Sisters,1tif2Eky57NXDN4rHJz9i7,1978,47,239933,0.627,0.16,0.843,0.000192,0.0554,0.494,-7.677,0.0952,106.817,11,4,Happy
395,"These Days (feat. Jess Glynne, Macklemore & Dan Caplen)","These Days (feat. Jess Glynne, Macklemore & Dan Caplen)",Rudimental,5CLGzJsGqhCEECcpnFQA8x,2018-01-19,78,210772,0.653,0.194,0.809,0.0,0.165,0.55,-4.057,0.0474,92.213,0,4,Happy
397,I'm Gonna Be (500 Miles),Finest,The Proclaimers,66S14BkJDxgkYxLl5DCqOz,2003-09-01,75,219466,0.851,0.151,0.551,0.0,0.0827,0.807,-5.177,0.0396,131.922,4,4,Happy
398,You're The One That I Want - From “Grease”,Gold,Olivia Newton-John,2B4LcSLZTDmTIFgKpjScjR,2005-01-01,0,167613,0.739,0.193,0.766,7.28e-05,0.137,0.862,-6.023,0.0785,106.6,0,4,Happy
400,Better Together,In Between Dreams,Jack Johnson,4VywXu6umkIQ2OS0m1I79y,2005-01-01,72,207680,0.868,0.308,0.347,2e-05,0.11,0.659,-9.529,0.0536,110.059,5,4,Happy
402,Just the Two of Us (feat. Bill Withers),Anthology,"Grover Washington, Jr.",1ko2lVN0vKGUl9zrU0qSlT,1985,83,237106,0.802,0.572,0.488,0.0598,0.0763,0.624,-9.304,0.0813,95.77,1,4,Happy
403,"Rocket Man (I Think It's Going To Be A Long, Long Time)",Honky Chateau,Elton John,3gdewACMIVMEWVbyb8O9sY,1972-05-19,83,281613,0.601,0.432,0.532,6.25e-06,0.0925,0.341,-9.119,0.0286,136.571,10,4,Happy
404,I Don't Care (with Justin Bieber),I Don't Care (with Justin Bieber),Ed Sheeran,3HVWdVOQ0ZA45FuZGSfvns,2019-05-10,83,219946,0.798,0.0912,0.675,0.0,0.0894,0.842,-5.041,0.0442,101.956,6,4,Happy
405,I Wish,At The Close Of A Century,Stevie Wonder,6jtsyzzGLDN5gbgKjYuMGB,1999-11-23,51,252333,0.822,0.0987,0.74,1.48e-05,0.0686,0.873,-10.527,0.0522,105.875,10,4,Happy
409,Footloose,The Best Of The 80's,Various Artists,1Ppwc43WYFEBXw2n1ePhDY,2007-12-10,51,225880,0.594,0.0719,0.927,5e-05,0.079,0.648,-2.691,0.0675,173.927,2,4,Happy
410,Waiting On the World to Change,Continuum,John Mayer,5imShWWzwqfAJ9gXFpGAQh,2006-09-11,75,201173,0.577,0.159,0.756,0.000232,0.249,0.663,-5.82,0.115,176.75,2,4,Happy
411,Physical,Physical,Dua Lipa,5px6upUHM3fhOP621Edp4V,2020-01-30,74,193829,0.647,0.0137,0.844,0.000658,0.102,0.746,-3.756,0.0457,146.962,0,4,Happy
413,Reggae Night,La Felicidad... En 4 Minutos,Various Artists,46JMEuyi5JFYSRzxeIWk9Q,2011-11-29,0,322440,0.801,0.301,0.757,8.25e-06,0.0708,0.962,-7.13,0.0369,109.366,0,4,Happy
414,Upside Down,Jack Johnson And Friends: Sing-A-Longs And Lullabies For The Film Curious George,Jack Johnson,6shRGWCtBUOPFLFTTqXZIC,2006,70,208653,0.787,0.238,0.655,0.000171,0.138,0.65,-8.339,0.0431,102.485,6,4,Happy
415,Sir Duke,Songs In The Key Of Life (Reissue),Stevie Wonder,2udw7RDkldLFIPG9WYdVtT,1976-09-28,0,232760,0.588,0.16,0.568,0.0,0.0792,0.952,-9.766,0.0672,106.938,6,4,Happy
417,I Don't Feel Like Dancin',Ta Dah,Scissor Sisters,13pyGLYmBjYgvOMIEivX2K,2006-01-01,56,288360,0.71,0.018,0.917,0.0,0.335,0.83,-3.385,0.0287,108.031,7,4,Happy
418,Ala Day (Ik Leef Alleen Voor Jou),Re-Play,Re-Play,2w9T4Aic0mG6KHnXYcWBpN,2021-01-01,45,225986,0.723,0.0682,0.575,0.0,0.0579,0.877,-6.793,0.0883,89.233,10,4,Happy
419,Blinding Lights,Blinding Lights,The Weeknd,0sf12qNH5qcw8qpgymFOqD,2019-11-29,30,201573,0.513,0.00147,0.796,0.000209,0.0938,0.345,-4.075,0.0629,171.017,1,4,Happy
420,Dancing in the Moonlight (feat. NEIMY),Dancing in the Moonlight (feat. NEIMY),Jubël,5ow0sNF1zSqp71Ix5jEXWU,2018-06-22,66,164009,0.659,0.27,0.617,0.0,0.187,0.187,-5.862,0.0649,119.858,11,4,Happy
421,Love You Better,Love You Better,John De Sohn,4UuGBDjt8gLXsANZqZxMBz,2019-11-15,70,170893,0.733,0.0931,0.786,0.0013,0.1,0.786,-7.494,0.0422,102.999,11,4,Happy
422,Sixteen,Sixteen,Ellie Goulding,4PkIDTPGedm0enzdvilLNd,2019-04-12,73,201072,0.669,0.268,0.801,0.0,0.0594,0.541,-5.445,0.136,109.919,8,4,Happy
423,Thinkin Bout You,Thinkin Bout You,Jonasu,2OEr2lzItRFTQvtzXT0wOm,2019-10-18,52,151626,0.727,0.229,0.782,0.0,0.188,0.82,-5.223,0.0487,112.083,1,4,Happy
424,Higher Love,Higher Love,Kygo,6oJ6le65B3SEqPwMRNXWjY,2019-06-28,82,228267,0.693,0.0154,0.678,6.05e-06,0.101,0.404,-7.159,0.0324,103.952,8,4,Happy
425,Endless Summer,Endless Summer,Cashae,5l8AUgBTWuOECwVgYtaUyE,2019-07-12,56,202071,0.625,0.048,0.719,0.0,0.0668,0.326,-5.541,0.0612,101.091,4,4,Happy
426,Faith (with Dolly Parton) [feat. Mr. Probz],Faith (with Dolly Parton) [feat. Mr. Probz],Galantis,35MKhw2YBKApmD7fAnPERC,2019-10-25,69,186804,0.547,0.145,0.795,0.0,0.11,0.723,-3.721,0.0489,118.118,8,4,Happy
427,Get To Know You,Get To Know You,Samantha Harvey,3oiLlbBynuErymca4Dwp5H,2019-11-08,66,201666,0.761,0.0783,0.695,0.0,0.14,0.69,-4.048,0.0886,118.004,5,4,Happy
428,You And I,You And I,LÉON,67H8U1DqJMTv9vCg7P95uR,2019-02-01,0,224063,0.554,0.0024,0.786,0.0,0.148,0.358,-4.288,0.0491,120.057,9,4,Happy
429,Best of Me,Best of Me,Blake Rose,022KUgS0Q5c3MTePafMLai,2019-04-19,56,213123,0.476,0.00155,0.776,0.0,0.464,0.247,-6.95,0.173,139.969,7,4,Happy
430,One Touch,One Touch,Jess Glynne,5EKiBMhzRLALeGDPdoAKkQ,2019-05-24,66,197875,0.686,0.329,0.693,0.0,0.136,0.699,-6.245,0.131,124.206,0,4,Happy
431,My Girl,My Girl,Jackson Penn,2KpWmfFngrY4ZGTtdCQ6wW,2019-10-04,44,178194,0.725,0.0431,0.641,0.0,0.314,0.782,-4.862,0.0517,98.023,1,4,Happy
432,Sunshine,Sunshine,Lance & Linton,4SvgYftkBSTZJYleSA3psb,2019-11-01,60,202908,0.482,0.142,0.807,0.0,0.114,0.331,-4.846,0.0453,127.999,10,4,Happy
433,I'll Be There,I'll Be There,Walk Off the Earth,4jgCDh6JCkw2kEYuIyNxzI,2019-08-23,56,169354,0.698,0.288,0.674,0.0,0.295,0.447,-5.576,0.0473,94.99,10,4,Happy
434,I'll Be Alright,I'll Be Alright,Chris Holsten,6Bi4RjKB9pV8yNuexgtCky,2019-06-07,51,185786,0.761,0.298,0.636,0.0,0.161,0.718,-4.424,0.0314,100.014,7,4,Happy
436,Happy Kids,Happy Kids,John De Sohn,3nVJ4tGeLFR6HUiz3e7qAe,2018-11-09,60,177209,0.603,0.0105,0.649,0.0,0.243,0.672,-5.848,0.0476,124.073,11,4,Happy
437,Never Really Over,Never Really Over,Katy Perry,5PYQUBXc7NYeI1obMKSJK0,2019-05-31,78,223523,0.77,0.194,0.882,0.0,0.316,0.385,-4.792,0.0602,99.991,8,4,Happy
438,The Bones - with Hozier,The Bones (with Hozier),Maren Morris,1yTTMcUhL7rtz08Dsgb7Qb,2019-10-04,77,197298,0.561,0.286,0.597,0.0,0.0979,0.355,-6.0,0.0405,76.826,11,4,Happy
439,Beautiful People (feat. Khalid),Beautiful People (feat. Khalid),Ed Sheeran,4evmHXcjt3bTUHD1cvny97,2019-06-28,82,197866,0.64,0.124,0.648,0.0,0.0802,0.548,-8.113,0.187,92.977,5,4,Happy
440,Until I Die,Until I Die,Mike Perry,1t492ZhMkze1qxpJsB1s7J,2019-12-06,56,166788,0.635,0.25,0.837,0.0,0.0813,0.668,-3.943,0.108,99.942,9,4,Happy
441,What A Time To Be Alive,What A Time To Be Alive,George Pelham,3JoQRs8V7dq38TUEbzgTGk,2019-08-23,50,189892,0.679,0.0149,0.684,0.0,0.0873,0.821,-4.495,0.0688,80.49,5,4,Happy
442,Glorious,Glorious,Ella Henderson,7xPIlYAQvOubFllPkn8XSL,2019-09-13,0,184800,0.756,0.155,0.54,0.0,0.0551,0.642,-5.456,0.125,108.274,6,4,Happy
443,Lady,Lady,Blake Rose,3K1vIE8FlvmEy2oCPLQ1UZ,2019-06-14,56,242811,0.441,0.0234,0.885,2.5e-06,0.122,0.42,-4.456,0.208,168.134,8,4,Happy
444,What I Like About You (feat. Theresa Rex),What I Like About You (feat. Theresa Rex),Jonas Blue,4NSW0Km5ZG60L8FthUebPJ,2019-03-22,72,220396,0.46,0.289,0.8,6.16e-06,0.121,0.553,-3.584,0.05,102.46,1,4,Happy
445,17,Inner Monologue Part 2,Julia Michaels,0ND8rF8oirMXtE59n585P6,2019-06-28,68,182800,0.774,0.458,0.466,0.0,0.111,0.396,-6.869,0.0433,97.975,4,4,Happy
446,All Night Long (All Night) - Recorded at Spotify Studios Stockholm,Spotify Singles,Benjamin Ingrosso,5LKNumPGm1bEyVroDE4rcZ,2019-03-15,0,188166,0.649,0.0106,0.718,0.000198,0.117,0.715,-7.101,0.0506,112.049,8,4,Happy
447,Somebody,Brighter Days,Sigala,6iMoJ3UdrO2ZjzzcaN8Eom,2018-09-28,58,238666,0.679,0.0916,0.849,0.0,0.121,0.683,-3.841,0.0649,100.095,0,4,Happy
448,Magnets (feat. Sophie Simmons),Magnets (feat. Sophie Simmons),Sam Feldt,0jlpHhGUFn4aAWLsRRnwep,2019-05-10,52,179016,0.731,0.022,0.802,0.0,0.059,0.434,-4.763,0.0623,121.991,5,4,Happy
449,Keep You Mine,Keep You Mine,NOTD,0OJN2A3Qyvd7pwSF0AIteC,2019-08-02,70,174760,0.81,0.267,0.788,0.000172,0.196,0.845,-3.663,0.0447,135.991,10,4,Happy
450,Bad Vibrations,Bad Vibrations,Jesper Jenset,6zTKuNMEU3svBn65L6u88M,2018-09-21,56,199379,0.768,0.00417,0.589,2.67e-05,0.136,0.757,-8.991,0.0403,97.979,8,4,Happy
451,Good Times!,Good Times!,In Paradise,4KMiZnTut79zX0tvh3xHjW,2019-08-30,49,197155,0.713,0.018,0.635,0.0,0.336,0.803,-5.263,0.0364,116.055,8,4,Happy
454,Only You,Only You,Hogland,7dLOOzJGQnsgqFcflWiEcZ,2019-11-15,51,182608,0.565,0.193,0.732,0.0,0.0948,0.265,-4.354,0.0716,114.901,8,4,Happy
455,"fuck, i’m lonely - Ofenbach Remix","fuck, i'm lonely (Ofenbach Remix)",Lauv,4fCAOaMs0PYL58OijKp2IS,2019-08-30,0,178512,0.763,0.0106,0.674,3.58e-06,0.0321,0.759,-5.146,0.0378,105.027,9,4,Happy
456,South of the Border (feat. Camila Cabello & Cardi B),No.6 Collaborations Project,Ed Sheeran,4vUmTMuQqjdnvlZmAH61Qk,2019-07-12,80,204466,0.857,0.148,0.621,0.0,0.0865,0.668,-6.376,0.0825,97.989,9,4,Happy
457,I'll Be There,I'll Be There,Jess Glynne,083Qf6hn6sFL6xiOHlZUyn,2018-05-03,69,193923,0.623,0.0228,0.851,0.0,0.12,0.4,-3.111,0.0409,100.063,7,4,Happy
458,Family,World War Joy,The Chainsmokers,3TKpJrY9q49Mj1JOsM9zGL,2019-12-06,70,194826,0.584,0.426,0.607,0.0,0.101,0.374,-6.605,0.0356,117.817,11,4,Happy
459,You Need To Calm Down,You Need To Calm Down,Taylor Swift,29fRTIKsJhLUJoldM89GZS,2019-06-14,22,171386,0.768,0.00838,0.678,0.0,0.0596,0.706,-5.604,0.0505,85.025,2,4,Happy
460,Let It Be Me (feat. Ava Max),7,David Guetta,2F83FxNVkK6PPMHuYnwyVc,2018-09-14,68,172933,0.743,0.128,0.529,0.0,0.181,0.438,-6.187,0.0505,102.048,7,4,Happy
461,Younger,Younger,Jonas Blue,4D7ERaKgv8NAeck8RzUtRz,2019-09-06,67,194720,0.784,0.286,0.845,1.59e-05,0.074,0.888,-2.793,0.0596,105.981,3,4,Happy
463,123,123,Jess Glynne,3gFgp6Ofp808Kc2qLQiN5e,2018-09-28,57,190280,0.707,0.0901,0.674,0.0,0.115,0.928,-5.578,0.177,95.02,1,4,Happy
464,Somebody I'm Not,Somebody I'm Not,Martin Jensen,4w7aLWzTe5FmvHSbuunVsl,2018-11-16,48,167626,0.73,0.198,0.728,0.0,0.271,0.775,-5.414,0.0457,100.009,9,4,Happy
466,Perfect to Me,Perfect to Me,Anne-Marie,0DC7Zs2qvAbNK1owWQ4mlL,2018-11-02,70,197853,0.604,0.0889,0.546,0.0,0.0734,0.402,-5.691,0.151,179.847,8,4,Happy
467,Too Good To Be True,Too Good To Be True,Rhys,3WKBNbYx32xlJQ0puFCnAJ,2017-09-22,63,201173,0.669,0.0991,0.656,0.0,0.268,0.592,-7.1,0.112,102.062,0,4,Happy
468,Wanted,Wanted,NOTD,1lGVyEkGHUz7Pg78QGaS4a,2019-09-27,65,160997,0.693,0.185,0.674,0.0,0.0639,0.378,-4.449,0.0723,95.972,5,4,Happy
469,Bones (feat. OneRepublic),Bones (feat. OneRepublic),Galantis,1pfgsjmxVZhoZpeDx6POKv,2019-01-31,70,205792,0.658,0.00463,0.804,0.0,0.178,0.508,-5.735,0.0377,120.047,0,4,Happy
470,Don’t Give Up On Me Now,Don’t Give Up On Me Now,R3HAB,46W9iEjOg5nkMvb6lo4Jwz,2019-05-10,56,127826,0.689,0.0872,0.705,0.0,0.124,0.27,-5.357,0.0462,115.231,4,4,Happy
471,Too Close,Too Close,Ria Mae,4Gy6pnhY9GGE3nqD3d0CmU,2019-10-16,54,147741,0.483,0.0715,0.667,0.0,0.0676,0.64,-6.243,0.0912,96.028,8,4,Happy
472,Never Knew,Never Knew,Mass Anthem,64m1kkM9KuRTZ5tLuTp7tU,2019-09-20,0,193846,0.522,0.0159,0.764,2.81e-06,0.282,0.716,-7.375,0.0446,103.664,5,4,Happy
473,Summertime,Summertime,Matthew Heath,73kz81vSBTPcERJlvhsYKp,2019-07-01,52,202173,0.663,0.317,0.723,0.0,0.0777,0.599,-5.034,0.0246,91.969,9,4,Happy
474,All For You,All For You,The Waked,6S4rxhzx2kL8DHUGkVp1RK,2019-04-19,33,207974,0.616,0.0542,0.843,0.0,0.115,0.335,-5.201,0.0596,109.974,0,4,Happy
475,Love You Like That,Love You Like That,Dagny,3205YaV6srWWF1WmebkLdA,2017-10-13,0,177946,0.617,0.00486,0.703,9.83e-06,0.136,0.222,-5.926,0.0472,93.987,8,4,Happy
476,Hotel Walls,Hotel Walls,Smith & Thell,0IZoBFaTUG79KBfKlv8zmG,2019-07-19,40,206293,0.525,0.0108,0.687,1.84e-06,0.0885,0.307,-9.029,0.0448,141.84,11,4,Happy
477,Lost,Lost,End of the World,7Lw5FXm8nhQPvezIpA6jK5,2019-07-26,52,217493,0.713,0.00935,0.729,0.000106,0.0804,0.734,-6.027,0.0308,121.975,7,4,Happy
478,high.,high.,shades.,4HImpc812W2CgT8M0eWD09,2019-08-09,27,176617,0.633,0.0128,0.784,5.51e-06,0.0289,0.332,-6.841,0.0534,102.009,2,4,Happy
479,Happy Now,Happy Now,Kygo,14sOS5L36385FJ3OL8hew4,2018-10-26,75,211362,0.693,0.374,0.575,0.0,0.252,0.492,-6.998,0.0801,117.999,9,4,Happy
480,ME! (feat. Brendon Urie of Panic! At The Disco),ME!,Taylor Swift,4Sib57MmYGJzSvkW84jTwh,2019-04-26,3,193040,0.614,0.0291,0.839,0.0,0.112,0.657,-4.143,0.0702,182.123,0,4,Happy
481,Forgive Me Friend,Forgive Me Friend,Smith & Thell,6LS5QB8GW8raREqEEQPEMs,2018-08-10,0,216000,0.589,0.000927,0.783,1.12e-06,0.187,0.622,-6.069,0.0318,127.92,1,4,Happy
482,I Don't,I Don't,Robin Stjernberg,03vB5EsNP0tS9puS0pMn9G,2018-09-21,39,194318,0.685,0.126,0.543,0.0,0.133,0.694,-5.105,0.0539,110.275,2,4,Happy
483,Hold The Line (feat. A R I Z O N A),TIM,Avicii,6EBlOYNcZ8MrdEov9lEdV6,2019-06-06,67,171785,0.648,0.329,0.554,2.56e-05,0.0803,0.372,-7.005,0.0341,98.045,9,4,Happy
484,Lights On,Lights On,Kelvin Jones,6jlN2JVlMlaKdWo7EyHpOS,2019-04-19,39,208362,0.517,0.104,0.642,0.0,0.0876,0.583,-4.912,0.208,88.739,5,4,Happy
485,False Confidence,False Confidence,Noah Kahan,6KuU2rnFYUyYzGOwcCZDT7,2018-09-21,0,222533,0.411,0.162,0.662,0.0,0.123,0.312,-7.779,0.0481,109.016,6,4,Happy
486,Conversation (feat. Kojo Funds),Conversation (feat. Kojo Funds),Sabina Ddumba,59E7kJadiZbcYhek0tEU9s,2019-08-16,48,232186,0.592,0.0366,0.567,0.0,0.0831,0.326,-8.209,0.0636,102.823,1,4,Happy
487,Costa Rica,Costa Rica,Benjamin Ingrosso,6iM9PebIqd6fiUlcxm4Fkp,2019-07-12,56,188440,0.782,0.533,0.674,0.00159,0.065,0.876,-4.924,0.0335,132.006,6,4,Happy
488,Crying In The Sun,Crying In The Sun (Remixes),Faustix,0VQUyufAldw4Eitv71TPmg,2018-11-23,59,195946,0.682,0.214,0.786,0.0,0.12,0.664,-4.87,0.0477,91.042,11,4,Happy
489,So Close,So Close (feat. Georgia Ku),NOTD,7FjZU7XFs7P9jHI9Z0yRhK,2018-11-02,76,190302,0.7,0.121,0.872,7.08e-06,0.103,0.761,-5.896,0.0666,125.03,10,4,Happy
490,Antisocial Socialites,Antisocial Socialites,Kyan Palmer,5siE2dsOEkxxB8GuyOxPyg,2019-03-07,46,209454,0.756,0.00415,0.657,2.06e-05,0.105,0.868,-5.513,0.0406,109.987,6,4,Happy
491,Ooh Girl (feat. A Boogie Wit da Hoodie),Ooh Girl (feat. A Boogie Wit da Hoodie),Kris Kross Amsterdam,1mKNyZCNDueEASgBgZuLdA,2019-08-30,65,168200,0.726,0.139,0.781,0.0,0.274,0.579,-4.276,0.0525,104.976,0,4,Happy
493,"Carry On (from the Original Motion Picture ""POKÉMON Detective Pikachu"")","Carry On (from the Original Motion Picture ""POKÉMON Detective Pikachu"")",Kygo,3y3brCCecHC3Db18aIOnny,2019-04-19,71,215315,0.591,0.381,0.705,0.000116,0.131,0.27,-6.519,0.079,121.799,9,4,Happy
494,Sometimes,Sometimes,NEIKED,7MbZIh0vnrayVbdaXCOyo1,2019-10-18,55,193695,0.652,0.0131,0.885,0.00868,0.0748,0.52,-4.905,0.0593,92.0,6,4,Happy
495,I'm With You,I'm With You,Nause,6sVA6iAl2ykqzQtR4uMWcY,2018-09-28,40,180937,0.732,0.128,0.817,0.0,0.346,0.621,-5.788,0.192,114.01,5,4,Happy
496,Say Love,Say Love,James TW,1csB4kgdyglOQdH0EyFIqy,2018-03-30,0,219440,0.753,0.119,0.457,1.15e-06,0.355,0.549,-7.533,0.0541,84.038,1,4,Happy
497,Bigger Heart,Wilting Rooting Blooming,Crying Day Care Choir,0dRyEwPjQBxIFt0hG5vYUK,2018-09-21,49,226106,0.796,0.353,0.708,5.82e-06,0.338,0.753,-9.07,0.0405,125.927,5,4,Happy
498,Changes,Changes,Mike Perry,0auKqMQXBTQ80h034wcsOA,2019-04-12,0,142019,0.716,0.0667,0.748,0.0,0.0581,0.47,-4.656,0.0364,120.031,10,4,Happy
499,Teenage Minds,Teenage Minds,Jubël,5LVCtUQQOr1JmwdUufLaw7,2019-02-08,1,187711,0.755,0.548,0.606,0.0,0.128,0.617,-6.435,0.0313,101.003,2,4,Happy
500,Totally (feat. Jon Eyden),Totally (feat. Jon Eyden),Madden,3dY2OHsFFN0oWYgJbrxsxl,2019-04-19,52,198156,0.813,0.00642,0.671,0.0,0.276,0.62,-6.84,0.0343,128.02,11,4,Happy
501,Jealous,Jealous,Oliver Nelson,1fPHyztOupqwpBYRmi5KAf,2018-08-17,44,206608,0.949,0.327,0.755,0.00134,0.103,0.908,-4.975,0.0427,115.005,0,4,Happy
502,Love Story (Taylor’s Version),Love Story (Taylor’s Version),Taylor Swift,3CeCwYWvdfXbZLXFhBrbnf,2021-02-12,86,235766,0.626,0.135,0.79,3.97e-06,0.0989,0.416,-4.302,0.0311,119.082,2,4,Happy
503,7 Minutes,7 Minutes,Dean Lewis,2BkyYZmU4JuWW2sYi9EzpC,2019-01-18,68,211453,0.613,0.526,0.739,0.0,0.149,0.712,-6.478,0.0311,104.966,10,4,Happy
504,La Di Da,"Love, me",Lennon Stella,2YyvWje3cEYyqgYhNUIaBJ,2018-11-17,70,209773,0.689,0.195,0.679,0.00111,0.224,0.475,-5.893,0.0517,149.972,7,4,Happy
505,Love You Right,Love You Right,Madden,0eOK06PrPsSJ9rswCHaC50,2019-05-24,51,215265,0.618,0.00806,0.752,0.00027,0.0704,0.305,-5.854,0.0417,126.017,0,4,Happy
506,Big Plans,Big Plans,Why Don't We,6Yx181fZzA0YE2EkUsYruq,2019-01-17,1,179929,0.693,0.0668,0.604,0.0,0.114,0.651,-5.279,0.0427,75.014,11,4,Happy
507,2002,2002,Anne-Marie,4Pbg79cTBu4vgSphoyNq3j,2018-04-19,72,186986,0.697,0.0372,0.683,0.0,0.137,0.603,-2.881,0.117,96.133,1,4,Happy
508,Jesus In LA,Jesus In LA,Alec Benjamin,5i2JGF65pHKSfMEjSMrBC3,2019-07-16,2,172606,0.767,0.537,0.627,0.0,0.359,0.689,-4.096,0.0401,94.028,0,4,Happy
509,No More,No More,Olivera,6oA7NzN7FgmXv7l7Y638HL,2018-03-23,44,183292,0.796,0.072,0.571,0.00776,0.0812,0.396,-7.099,0.0526,130.983,1,4,Happy
511,Call On Me,Call On Me,Tape Machines,0vC2zi6KNymGogaCiGfY5D,2018-05-11,0,199547,0.617,0.00182,0.821,5.47e-06,0.0949,0.52,-4.536,0.0281,95.058,1,4,Happy
512,Where Have You Gone (Anywhere),Where Have You Gone (Anywhere),Lucas & Steve,3zECQWhwAEydeK9jUTPamo,2018-09-28,66,158602,0.618,0.00552,0.767,0.0,0.147,0.239,-5.024,0.0489,124.071,5,4,Happy
513,You Come First (feat. Saweetie),You Come First (feat. Saweetie),Zak Abel,5Ef2noaxqTAfa5gLVw05OJ,2018-10-19,55,191254,0.745,0.0352,0.719,0.0,0.0639,0.611,-4.291,0.19,99.962,11,4,Happy
514,Over You,Over You,Hogland,1C4lh1SdXGpBE3FgiCKD3N,2018-09-07,49,194300,0.505,0.179,0.572,0.0,0.225,0.273,-5.561,0.0518,126.005,0,4,Happy
515,Medicine,Medicine,Robinson,4GV5sSkmlS3BQutuSIqZkV,2018-09-07,58,225587,0.529,0.134,0.817,0.0,0.0905,0.299,-4.05,0.052,77.053,9,4,Happy
516,All the Freedom You Need,All the Freedom You Need,Terin Ector,6ykxtMAsMldFOJXcEQr4LT,2019-08-23,49,185625,0.481,0.0601,0.796,0.000172,0.108,0.269,-6.734,0.0504,182.854,6,4,Happy
518,This Feeling (feat. Kelsea Ballerini),Sick Boy...This Feeling,The Chainsmokers,15kQGEy89K8deJcZVFEn0N,2018-09-18,0,199226,0.539,0.0651,0.651,0.0,0.0662,0.474,-5.304,0.0432,105.159,1,4,Happy
519,Coca,Coca,Georgia Box,1e5quxhk6UthVq7oPxCqQQ,2019-06-28,43,185882,0.714,0.00722,0.606,5.3e-06,0.137,0.315,-7.46,0.156,101.926,1,4,Happy
